2026-06-07 21:06:57,428 INFO meshmend_backend {"event": "diagnostics_requested", "status": "ok"}
2026-06-07 21:06:57,586 INFO meshmend_backend {"event": "test_mesh_generated", "task_id": "testmesh_6ad2f716b06c", "mesh": {"faces": 1856, "vertices": 934, "watertight": true, "components": 3, "extents_mm": [16.0, 16.0, 12.450000000000001], "units": "mm"}}
2026-06-07 21:06:58,017 INFO meshmend_backend {"event": "generate_part", "category": "head_helmet", "count": 1}
2026-06-07 21:07:04,369 INFO meshmend_backend {"event": "assemble_miniature", "result": {"faces": 52510, "vertices": 26241, "watertight": true, "components": 2, "extents_mm": [32.00000000000001, 32.00000000000001, 32.00000000000001], "units": "mm"}}
2026-06-07 21:09:07,684 INFO meshmend_backend {"event": "task_started", "task_id": "5d76a8b4d0d7468d822fd0222b414c78", "workflow": "text_to_3d", "prompt_preview": "store quality sci-fi heavy infantry"}
2026-06-07 21:09:18,010 INFO meshmend_backend {"event": "task_forced_fallback_succeeded", "task_id": "5d76a8b4d0d7468d822fd0222b414c78", "reason": "No production text-to-3D runner is configured", "model_urls": {"stl": "http://127.0.0.1:8090/v1/files/5d76a8b4d0d7468d822fd0222b414c78_modular_fallback_miniature.stl"}}
2026-06-07 21:50:56,140 INFO meshmend_backend {"event": "task_started", "task_id": "6492f7b257aa47918a7e716d657c2d18", "workflow": "image_to_3d", "prompt_preview": "Create a production/studio-quality 32mm resin-printable tabletop miniature. This must be final sculpt geometry, not a primitive blockout: crisp facial features,"}
2026-06-07 21:57:13,611 ERROR meshmend_backend task_failed_before_optional_fallback
Traceback (most recent call last):
  File "D:\MeshMend\src\meshmend_ai\3dsculpter\model_service\main.py", line 563, in _run_task
    raise RuntimeError(worker_error or f"model command exited {completed.returncode}")
RuntimeError: No-API local external generator failed: Raw AI mesh has 963642 faces, above memory-safe postprocess limit 900000. Skipping repair to avoid exhausting RAM; use modular fallback or raise MESHMEND_MAX_RAW_POSTPROCESS_FACES on a workstation.
2026-06-07 21:57:24,859 INFO meshmend_backend {"event": "task_fallback_succeeded", "task_id": "6492f7b257aa47918a7e716d657c2d18", "reason": "No-API local external generator failed: Raw AI mesh has 963642 faces, above memory-safe postprocess limit 900000. Skipping repair to avoid exhausting RAM; use modular fallback or raise MESHMEND_MAX_RAW_POSTPROCESS_FACES on a workstation.", "model_urls": {"stl": "http://127.0.0.1:8090/v1/files/6492f7b257aa47918a7e716d657c2d18_modular_fallback_miniature.stl"}}
2026-06-07 22:24:34,758 INFO meshmend_backend {"event": "task_started", "task_id": "3d026b3c95e3481c8c9d25ac9ef9e951", "workflow": "text_to_3d", "prompt_preview": "a elf warrior\n\nCreate a production/studio-quality 32mm resin-printable tabletop miniature. This must be final sculpt geometry, not a primitive blockout: crisp f"}
2026-06-07 22:40:20,755 ERROR meshmend_backend task_failed_before_optional_fallback
Traceback (most recent call last):
  File "D:\MeshMend\src\meshmend_ai\3dsculpter\model_service\main.py", line 563, in _run_task
    raise RuntimeError(worker_error or f"model command exited {completed.returncode}")
RuntimeError: No-API local external generator failed: Raw AI mesh has 1040348 faces, above memory-safe postprocess limit 900000. Skipping repair to avoid exhausting RAM; use modular fallback or raise MESHMEND_MAX_RAW_POSTPROCESS_FACES on a workstation.
2026-06-07 22:40:30,731 INFO meshmend_backend {"event": "task_fallback_succeeded", "task_id": "3d026b3c95e3481c8c9d25ac9ef9e951", "reason": "No-API local external generator failed: Raw AI mesh has 1040348 faces, above memory-safe postprocess limit 900000. Skipping repair to avoid exhausting RAM; use modular fallback or raise MESHMEND_MAX_RAW_POSTPROCESS_FACES on a workstation.", "model_urls": {"stl": "http://127.0.0.1:8090/v1/files/3d026b3c95e3481c8c9d25ac9ef9e951_modular_fallback_miniature.stl"}}
2026-06-07 22:50:51,832 INFO meshmend_backend {"event": "task_started", "task_id": "7c4c47d5f4e74e7783d286e5bbecb93a", "workflow": "text_to_3d", "prompt_preview": "a high elf paladin\n\nCreate a production/studio-quality 32mm resin-printable tabletop miniature. This must be final sculpt geometry, not a primitive blockout: cr"}
2026-06-07 23:51:12,391 INFO meshmend_backend {"event": "task_started", "task_id": "c6bba38cf7f04774bdbe3dd64355feff", "workflow": "text_to_3d", "prompt_preview": "a high elf warrior\n\nCreate a production/studio-quality 32mm resin-printable tabletop miniature. This must be final sculpt geometry, not a primitive blockout: cr"}
2026-06-08 00:07:49,354 ERROR meshmend_backend task_failed_before_optional_fallback
Traceback (most recent call last):
  File "D:\MeshMend\src\meshmend_ai\3dsculpter\model_service\main.py", line 563, in _run_task
    raise RuntimeError(worker_error or f"model command exited {completed.returncode}")
RuntimeError: No-API local external generator failed: Raw AI mesh has 1239216 faces, above memory-safe postprocess limit 900000. Skipping repair to avoid exhausting RAM; use modular fallback or raise MESHMEND_MAX_RAW_POSTPROCESS_FACES on a workstation.
2026-06-08 00:08:14,095 INFO meshmend_backend {"event": "task_fallback_succeeded", "task_id": "c6bba38cf7f04774bdbe3dd64355feff", "reason": "No-API local external generator failed: Raw AI mesh has 1239216 faces, above memory-safe postprocess limit 900000. Skipping repair to avoid exhausting RAM; use modular fallback or raise MESHMEND_MAX_RAW_POSTPROCESS_FACES on a workstation.", "model_urls": {"stl": "http://127.0.0.1:8090/v1/files/c6bba38cf7f04774bdbe3dd64355feff_modular_fallback_miniature.stl"}}
2026-06-08 10:57:46,718 INFO meshmend_backend {"event": "task_started", "task_id": "e4537a8839f84238815ca8071c92c7fa", "workflow": "text_to_3d", "prompt_preview": "a high elf warrior\n\nCreate a production/studio-quality 32mm resin-printable tabletop miniature. This must be final sculpt geometry, not a primitive blockout: cr"}
2026-06-08 11:00:25,973 ERROR meshmend_backend task_failed_before_optional_fallback
Traceback (most recent call last):
  File "D:\MeshMend\src\meshmend_ai\3dsculpter\model_service\main.py", line 563, in _run_task
    raise RuntimeError(worker_error or f"model command exited {completed.returncode}")
RuntimeError: certified mesh has too many components: 168 > 3
2026-06-08 11:00:49,554 INFO meshmend_backend {"event": "task_fallback_succeeded", "task_id": "e4537a8839f84238815ca8071c92c7fa", "reason": "certified mesh has too many components: 168 > 3", "model_urls": {"stl": "http://127.0.0.1:8090/v1/files/e4537a8839f84238815ca8071c92c7fa_modular_fallback_miniature.stl"}}
2026-06-08 11:53:07,624 INFO meshmend_backend {"event": "task_started", "task_id": "c016106d6bb749e58ae4213ee665e38c", "workflow": "text_to_3d", "prompt_preview": "a high elf warrior\n\nCreate a production/studio-quality 32mm resin-printable tabletop miniature. This must be final sculpt geometry, not a primitive blockout: cr"}
2026-06-08 11:55:40,937 ERROR meshmend_backend task_failed_before_optional_fallback
Traceback (most recent call last):
  File "D:\MeshMend\src\meshmend_ai\3dsculpter\model_service\main.py", line 563, in _run_task
    raise RuntimeError(worker_error or f"model command exited {completed.returncode}")
RuntimeError: certified mesh has too many components: 168 > 3
2026-06-08 11:56:05,321 INFO meshmend_backend {"event": "task_fallback_succeeded", "task_id": "c016106d6bb749e58ae4213ee665e38c", "reason": "certified mesh has too many components: 168 > 3", "model_urls": {"stl": "http://127.0.0.1:8090/v1/files/c016106d6bb749e58ae4213ee665e38c_modular_fallback_miniature.stl"}}
2026-06-08 14:30:28,327 INFO meshmend_backend {"event": "task_started", "task_id": "92af18ca34e64dc2ab6ccd5da3921b34", "workflow": "text_to_3d", "prompt_preview": "a high elf warrior\n\nCreate a production/studio-quality 32mm resin-printable tabletop miniature. This must be final sculpt geometry, not a primitive blockout: cr"}
2026-06-08 14:32:55,175 ERROR meshmend_backend task_failed_before_optional_fallback
Traceback (most recent call last):
  File "D:\MeshMend\src\meshmend_ai\3dsculpter\model_service\main.py", line 563, in _run_task
    raise RuntimeError(worker_error or f"model command exited {completed.returncode}")
RuntimeError: certified mesh has too many components: 168 > 3
2026-06-08 14:33:16,705 INFO meshmend_backend {"event": "task_fallback_succeeded", "task_id": "92af18ca34e64dc2ab6ccd5da3921b34", "reason": "certified mesh has too many components: 168 > 3", "model_urls": {"stl": "http://127.0.0.1:8090/v1/files/92af18ca34e64dc2ab6ccd5da3921b34_modular_fallback_miniature.stl"}}
2026-06-08 14:43:50,256 INFO meshmend_backend {"event": "task_started", "task_id": "cb800f8973124e838acc6dd08af98b98", "workflow": "text_to_3d", "prompt_preview": "a high elf warrior\n\nCreate a production/studio-quality 32mm resin-printable tabletop miniature. This must be final sculpt geometry, not a primitive blockout: cr"}
2026-06-08 14:45:01,366 ERROR meshmend_backend task_failed_before_optional_fallback
Traceback (most recent call last):
  File "D:\MeshMend\src\meshmend_ai\3dsculpter\model_service\main.py", line 563, in _run_task
    raise RuntimeError(worker_error or f"model command exited {completed.returncode}")
RuntimeError: MeshMend local sculpt generator failed: MiniatureSculptQualityGate failed: missing_required_components:backpack; missing_recognizable_equipment:backpack
2026-06-08 14:45:23,187 INFO meshmend_backend {"event": "task_fallback_succeeded", "task_id": "cb800f8973124e838acc6dd08af98b98", "reason": "MeshMend local sculpt generator failed: MiniatureSculptQualityGate failed: missing_required_components:backpack; missing_recognizable_equipment:backpack", "model_urls": {"stl": "http://127.0.0.1:8090/v1/files/cb800f8973124e838acc6dd08af98b98_modular_fallback_miniature.stl"}}
2026-06-08 15:11:58,105 INFO meshmend_backend {"event": "task_started", "task_id": "12609565135b44648d40247bed458a6a", "workflow": "text_to_3d", "prompt_preview": "a high elf warrior\n\nCreate a production/studio-quality 32mm resin-printable tabletop miniature. This must be final sculpt geometry, not a primitive blockout: cr"}
2026-06-08 15:13:18,215 ERROR meshmend_backend task_failed_before_optional_fallback
Traceback (most recent call last):
  File "D:\MeshMend\src\meshmend_ai\3dsculpter\model_service\main.py", line 563, in _run_task
    raise RuntimeError(worker_error or f"model command exited {completed.returncode}")
RuntimeError: MeshMend local sculpt generator failed: MiniatureSculptQualityGate failed: missing_required_components:backpack; missing_recognizable_equipment:backpack
2026-06-08 15:13:40,428 INFO meshmend_backend {"event": "task_fallback_succeeded", "task_id": "12609565135b44648d40247bed458a6a", "reason": "MeshMend local sculpt generator failed: MiniatureSculptQualityGate failed: missing_required_components:backpack; missing_recognizable_equipment:backpack", "model_urls": {"stl": "http://127.0.0.1:8090/v1/files/12609565135b44648d40247bed458a6a_modular_fallback_miniature.stl"}}
2026-06-08 15:14:51,388 INFO meshmend_backend {"event": "task_started", "task_id": "88d5b6dd64ea42c5bfce5a49eea48eae", "workflow": "text_to_3d", "prompt_preview": "a high elf warrior\n\nCreate a production/studio-quality 32mm resin-printable tabletop miniature. This must be final sculpt geometry, not a primitive blockout: cr"}
2026-06-08 15:16:10,473 ERROR meshmend_backend task_failed_before_optional_fallback
Traceback (most recent call last):
  File "D:\MeshMend\src\meshmend_ai\3dsculpter\model_service\main.py", line 563, in _run_task
    raise RuntimeError(worker_error or f"model command exited {completed.returncode}")
RuntimeError: MeshMend local sculpt generator failed: MiniatureSculptQualityGate failed: missing_required_components:backpack; missing_recognizable_equipment:backpack
2026-06-08 15:16:31,667 INFO meshmend_backend {"event": "task_fallback_succeeded", "task_id": "88d5b6dd64ea42c5bfce5a49eea48eae", "reason": "MeshMend local sculpt generator failed: MiniatureSculptQualityGate failed: missing_required_components:backpack; missing_recognizable_equipment:backpack", "model_urls": {"stl": "http://127.0.0.1:8090/v1/files/88d5b6dd64ea42c5bfce5a49eea48eae_modular_fallback_miniature.stl"}}
2026-06-08 18:07:39,509 INFO meshmend_backend {"event": "task_started", "task_id": "8cf35b5641a643f097ce60c1428921e3", "workflow": "text_to_3d", "prompt_preview": "a high elf warrior\n\nCreate a production/studio-quality 32mm resin-printable tabletop miniature. This must be final sculpt geometry, not a primitive blockout: cr"}
2026-06-08 18:08:58,605 ERROR meshmend_backend task_failed_before_optional_fallback
Traceback (most recent call last):
  File "D:\MeshMend\src\meshmend_ai\3dsculpter\model_service\main.py", line 563, in _run_task
    raise RuntimeError(worker_error or f"model command exited {completed.returncode}")
RuntimeError: MeshMend local sculpt generator failed: MiniatureSculptQualityGate failed: disconnected_shells:133; outlier_shells:3; thin_sheet_shells_detected:1; outlier_shells:3>0; missing_required_components:backpack; missing_recognizable_equipment:backpack
2026-06-08 18:09:20,922 INFO meshmend_backend {"event": "task_fallback_succeeded", "task_id": "8cf35b5641a643f097ce60c1428921e3", "reason": "MeshMend local sculpt generator failed: MiniatureSculptQualityGate failed: disconnected_shells:133; outlier_shells:3; thin_sheet_shells_detected:1; outlier_shells:3>0; missing_required_components:backpack; missing_recognizable_equipment:backpack", "model_urls": {"stl": "http://127.0.0.1:8090/v1/files/8cf35b5641a643f097ce60c1428921e3_modular_fallback_miniature.stl"}}
2026-06-08 18:45:56,490 INFO meshmend_backend {"event": "task_started", "task_id": "969ff9fda52f4e79b876d71d0611e31d", "workflow": "text_to_3d", "prompt_preview": "a high elf warrior\n\nCreate a production/studio-quality 32mm resin-printable tabletop miniature. This must be final sculpt geometry, not a primitive blockout: cr"}
2026-06-08 18:47:15,585 ERROR meshmend_backend task_failed_before_optional_fallback
Traceback (most recent call last):
  File "D:\MeshMend\src\meshmend_ai\3dsculpter\model_service\main.py", line 563, in _run_task
    raise RuntimeError(worker_error or f"model command exited {completed.returncode}")
RuntimeError: MeshMend local sculpt generator failed: MiniatureSculptQualityGate failed: thin_sheet_shells_detected:1; missing_required_components:backpack; missing_recognizable_equipment:backpack
2026-06-08 18:47:40,412 INFO meshmend_backend {"event": "task_fallback_succeeded", "task_id": "969ff9fda52f4e79b876d71d0611e31d", "reason": "MeshMend local sculpt generator failed: MiniatureSculptQualityGate failed: thin_sheet_shells_detected:1; missing_required_components:backpack; missing_recognizable_equipment:backpack", "model_urls": {"stl": "http://127.0.0.1:8090/v1/files/969ff9fda52f4e79b876d71d0611e31d_modular_fallback_miniature.stl"}}
2026-06-08 19:01:50,028 INFO meshmend_backend {"event": "task_started", "task_id": "f9130ed86d2f484da8615e994aaed37f", "workflow": "text_to_3d", "prompt_preview": "a high elf warrior\n\nCreate a production/studio-quality 32mm resin-printable tabletop miniature. This must be final sculpt geometry, not a primitive blockout: cr"}
2026-06-08 19:03:09,142 ERROR meshmend_backend task_failed_before_optional_fallback
Traceback (most recent call last):
  File "D:\MeshMend\src\meshmend_ai\3dsculpter\model_service\main.py", line 563, in _run_task
    raise RuntimeError(worker_error or f"model command exited {completed.returncode}")
RuntimeError: MeshMend local sculpt generator failed: MiniatureSculptQualityGate failed: thin_sheet_shells_detected:1; missing_required_components:backpack; missing_recognizable_equipment:backpack
2026-06-08 19:03:33,275 INFO meshmend_backend {"event": "task_fallback_succeeded", "task_id": "f9130ed86d2f484da8615e994aaed37f", "reason": "MeshMend local sculpt generator failed: MiniatureSculptQualityGate failed: thin_sheet_shells_detected:1; missing_required_components:backpack; missing_recognizable_equipment:backpack", "model_urls": {"stl": "http://127.0.0.1:8090/v1/files/f9130ed86d2f484da8615e994aaed37f_modular_fallback_miniature.stl"}}
2026-06-08 20:17:02,422 INFO meshmend_backend {"event": "task_started", "task_id": "34b65f0672584ad1856d068f93cc20d6", "workflow": "text_to_3d", "prompt_preview": "a high elf warrior\n\nCreate a production/studio-quality 32mm resin-printable tabletop miniature. This must be final sculpt geometry, not a primitive blockout: cr"}
2026-06-08 20:17:58,504 ERROR meshmend_backend task_failed_before_optional_fallback
Traceback (most recent call last):
  File "D:\MeshMend\src\meshmend_ai\3dsculpter\model_service\main.py", line 563, in _run_task
    raise RuntimeError(worker_error or f"model command exited {completed.returncode}")
RuntimeError: MeshMend local sculpt generator failed: MiniatureSculptQualityGate failed: missing_required_components:backpack; missing_recognizable_equipment:backpack
2026-06-08 20:18:20,903 INFO meshmend_backend {"event": "task_fallback_succeeded", "task_id": "34b65f0672584ad1856d068f93cc20d6", "reason": "MeshMend local sculpt generator failed: MiniatureSculptQualityGate failed: missing_required_components:backpack; missing_recognizable_equipment:backpack", "model_urls": {"stl": "http://127.0.0.1:8090/v1/files/34b65f0672584ad1856d068f93cc20d6_modular_fallback_miniature.stl"}}
2026-06-08 21:56:55,310 INFO meshmend_backend {"event": "task_started", "task_id": "501edb3e74fb4d43aaad1b44e424fde1", "workflow": "text_to_3d", "prompt_preview": "a high elf warrior\n\nCreate a production/studio-quality 32mm resin-printable tabletop miniature. This must be final sculpt geometry, not a primitive blockout: cr"}
2026-06-08 21:57:35,602 ERROR meshmend_backend task_failed_before_optional_fallback
Traceback (most recent call last):
  File "D:\MeshMend\src\meshmend_ai\3dsculpter\model_service\main.py", line 563, in _run_task
    raise RuntimeError(worker_error or f"model command exited {completed.returncode}")
RuntimeError: certified mesh has too many components: 249 > 3
2026-06-08 21:57:59,277 INFO meshmend_backend {"event": "task_fallback_succeeded", "task_id": "501edb3e74fb4d43aaad1b44e424fde1", "reason": "certified mesh has too many components: 249 > 3", "model_urls": {"stl": "http://127.0.0.1:8090/v1/files/501edb3e74fb4d43aaad1b44e424fde1_modular_fallback_miniature.stl"}}
2026-06-09 08:09:21,976 INFO meshmend_backend {"event": "task_started", "task_id": "693375900e664f8db19c315a786283bd", "workflow": "text_to_3d", "prompt_preview": "Astra Shock Trooper resin miniature with field helmet rebreather, las rifle, flak armor, military advance pose"}
2026-06-09 08:09:29,035 INFO meshmend_backend {"event": "task_succeeded", "task_id": "693375900e664f8db19c315a786283bd", "model_urls": {"stl": "http://127.0.0.1:8090/v1/files/693375900e664f8db19c315a786283bd_meshmend_staged_archetype.stl"}}
2026-06-09 10:31:51,138 INFO meshmend_backend {"event": "task_started", "task_id": "01e7deeeb79f4472bb885c14c15d1c56", "workflow": "text_to_3d", "prompt_preview": "Astra Shock Trooper resin miniature with field helmet rebreather, las rifle, flak armor, military advance pose"}
2026-06-09 10:31:52,098 ERROR meshmend_backend assemble_miniature_failed
Traceback (most recent call last):
  File "D:\MeshMend\src\meshmend_ai\3dsculpter\model_service\main.py", line 241, in assemble_miniature
    result = _generate_modular_fallback(
        prompt=request.prompt,
    ...<4 lines>...
        reason="explicit_assemble_miniature_endpoint",
    )
  File "D:\MeshMend\src\meshmend_ai\3dsculpter\model_service\main.py", line 841, in _generate_modular_fallback
    raise RuntimeError(
    ...<3 lines>...
    )
RuntimeError: GENERATION FAILED: archetype generator failed. Failing function name: _generate_modular_fallback. Procedural mannequin/placeholder fallback is disabled.
2026-06-09 10:31:59,224 INFO meshmend_backend {"event": "task_succeeded", "task_id": "01e7deeeb79f4472bb885c14c15d1c56", "model_urls": {"stl": "http://127.0.0.1:8090/v1/files/01e7deeeb79f4472bb885c14c15d1c56_meshmend_staged_archetype.stl"}}
2026-06-10 19:01:17,301 INFO meshmend_backend {"event": "task_started", "task_id": "af73c1b6c1bc4cc998b60b284c28928a", "workflow": "text_to_3d", "prompt_preview": "a high elf warrior\n\nCreate a production/studio-quality 32mm resin-printable tabletop miniature. This must be final sculpt geometry, not a primitive blockout: cr"}
2026-06-10 19:01:58,455 ERROR meshmend_backend task_failed_before_optional_fallback
Traceback (most recent call last):
  File "D:\MeshMend\src\meshmend_ai\3dsculpter\model_service\main.py", line 549, in _run_task
    raise RuntimeError(worker_error or f"model command exited {completed.returncode}")
RuntimeError: certified mesh has too many components: 249 > 3
2026-06-10 19:01:58,656 ERROR meshmend_backend {"event": "task_failed", "task_id": "af73c1b6c1bc4cc998b60b284c28928a", "error": "certified mesh has too many components: 249 > 3", "traceback": "Traceback (most recent call last):\n  File \"D:\\MeshMend\\src\\meshmend_ai\\3dsculpter\\model_service\\main.py\", line 549, in _run_task\n    raise RuntimeError(worker_error or f\"model command exited {completed.returncode}\")\nRuntimeError: certified mesh has too many components: 249 > 3\n"}
2026-06-10 20:33:46,603 INFO meshmend_backend {"event": "task_started", "task_id": "b13fd5fc5af9438fb586d3fc01b3e0f2", "workflow": "text_to_3d", "prompt_preview": "a high elf warrior\n\nCreate a production/studio-quality 32mm resin-printable tabletop miniature. This must be final sculpt geometry, not a primitive blockout: cr"}
2026-06-10 20:34:26,707 INFO meshmend_backend {"event": "task_succeeded", "task_id": "b13fd5fc5af9438fb586d3fc01b3e0f2", "model_urls": {"stl": "http://127.0.0.1:8090/v1/files/b13fd5fc5af9438fb586d3fc01b3e0f2_meshmend_native_sculpt.stl"}}
2026-06-11 01:10:58,526 INFO meshmend_backend {"event": "task_started", "task_id": "a181e8d409174cb29d47667e47b0c291", "workflow": "text_to_3d", "prompt_preview": "a night elf warrior\n\nCreate a production/studio-quality 32mm resin-printable tabletop miniature. This must be final sculpt geometry, not a primitive blockout: c"}
2026-06-11 01:11:39,657 INFO meshmend_backend {"event": "task_succeeded", "task_id": "a181e8d409174cb29d47667e47b0c291", "model_urls": {"stl": "http://127.0.0.1:8090/v1/files/a181e8d409174cb29d47667e47b0c291_meshmend_native_sculpt.stl"}}
2026-06-23 22:55:37,479 INFO meshmend_backend {"event": "task_started", "task_id": "0892d001627a4caf8af317d09f618797", "workflow": "text_to_3d", "prompt_preview": "a space marine\n\nCreate a production/studio-quality 32mm resin-printable tabletop miniature. This must be final sculpt geometry, not a primitive blockout: crisp "}
2026-06-23 22:56:06,192 ERROR meshmend_backend task_failed_before_optional_fallback
Traceback (most recent call last):
  File "D:\MeshMend\src\meshmend_ai\3dsculpter\model_service\main.py", line 549, in _run_task
    raise RuntimeError(worker_error or f"model command exited {completed.returncode}")
RuntimeError: MeshMend local sculpt generator failed: GENERATION FAILED: failing_stage=vision_critic: vision_critic_api_key_missing
2026-06-23 22:56:11,257 ERROR meshmend_backend {"event": "task_failed", "task_id": "0892d001627a4caf8af317d09f618797", "error": "MeshMend local sculpt generator failed: GENERATION FAILED: failing_stage=vision_critic: vision_critic_api_key_missing", "traceback": "Traceback (most recent call last):\n  File \"D:\\MeshMend\\src\\meshmend_ai\\3dsculpter\\model_service\\main.py\", line 549, in _run_task\n    raise RuntimeError(worker_error or f\"model command exited {completed.returncode}\")\nRuntimeError: MeshMend local sculpt generator failed: GENERATION FAILED: failing_stage=vision_critic: vision_critic_api_key_missing\n"}
2026-06-23 23:50:59,880 INFO meshmend_backend {"event": "task_started", "task_id": "6feed2e40fb14694b00d3dd2783d754f", "workflow": "text_to_3d", "prompt_preview": "a space marine\n\nCreate a production/studio-quality 32mm resin-printable tabletop miniature. This must be final sculpt geometry, not a primitive blockout: crisp "}
2026-06-23 23:52:39,781 ERROR meshmend_backend task_failed_before_optional_fallback
Traceback (most recent call last):
  File "D:\MeshMend\src\meshmend_ai\3dsculpter\model_service\main.py", line 549, in _run_task
    raise RuntimeError(worker_error or f"model command exited {completed.returncode}")
RuntimeError: No-API local external output failed store-quality score checks: professional_resin_similarity_below_min:82.67<85.00
2026-06-23 23:52:40,063 ERROR meshmend_backend {"event": "task_failed", "task_id": "6feed2e40fb14694b00d3dd2783d754f", "error": "No-API local external output failed store-quality score checks: professional_resin_similarity_below_min:82.67<85.00", "traceback": "Traceback (most recent call last):\n  File \"D:\\MeshMend\\src\\meshmend_ai\\3dsculpter\\model_service\\main.py\", line 549, in _run_task\n    raise RuntimeError(worker_error or f\"model command exited {completed.returncode}\")\nRuntimeError: No-API local external output failed store-quality score checks: professional_resin_similarity_below_min:82.67<85.00\n"}
2026-06-24 00:00:30,081 INFO meshmend_backend {"event": "task_started", "task_id": "9653c88c24e545289c5d814bf56063da", "workflow": "text_to_3d", "prompt_preview": "a space marine\n\nCreate a production/studio-quality 32mm resin-printable tabletop miniature. This must be final sculpt geometry, not a primitive blockout: crisp "}
2026-06-24 00:02:13,167 INFO meshmend_backend {"event": "task_succeeded", "task_id": "9653c88c24e545289c5d814bf56063da", "model_urls": {"stl": "http://127.0.0.1:8090/v1/files/9653c88c24e545289c5d814bf56063da_meshmend_native_sculpt.stl"}}
2026-07-02 21:33:13,725 INFO meshmend_backend {"event": "task_started", "task_id": "c7bd39ef893f494e9bfe263e28245e7e", "workflow": "text_to_3d", "prompt_preview": "can you create a space marine\n\nCreate a production/studio-quality 32mm resin-printable tabletop miniature. This must be final sculpt geometry, not a primitive b"}
2026-07-02 21:33:57,895 INFO meshmend_backend {"event": "task_succeeded", "task_id": "c7bd39ef893f494e9bfe263e28245e7e", "model_urls": {"stl": "http://127.0.0.1:8090/v1/files/c7bd39ef893f494e9bfe263e28245e7e_meshmend_native_sculpt.stl"}}
2026-07-02 22:03:38,941 INFO meshmend_backend {"event": "task_started", "task_id": "4220ebbffbc3403ab497c0564eb60c3d", "workflow": "text_to_3d", "prompt_preview": "a space marine\n\nCreate a production/studio-quality 32mm resin-printable tabletop miniature. This must be final sculpt geometry, not a primitive blockout: crisp "}
2026-07-02 22:04:19,106 INFO meshmend_backend {"event": "task_succeeded", "task_id": "4220ebbffbc3403ab497c0564eb60c3d", "model_urls": {"stl": "http://127.0.0.1:8090/v1/files/4220ebbffbc3403ab497c0564eb60c3d_meshmend_native_sculpt.stl"}}
2026-07-02 22:45:55,922 INFO meshmend_backend {"event": "task_started", "task_id": "88f86b9b18864db4825cd7761a3992bd", "workflow": "text_to_3d", "prompt_preview": "a space marine\n\nCreate a production/studio-quality 32mm resin-printable tabletop miniature. This must be final sculpt geometry, not a primitive blockout: crisp "}
2026-07-02 22:46:33,032 INFO meshmend_backend {"event": "task_succeeded", "task_id": "88f86b9b18864db4825cd7761a3992bd", "model_urls": {"stl": "http://127.0.0.1:8090/v1/files/88f86b9b18864db4825cd7761a3992bd_meshmend_native_sculpt.stl"}}
2026-07-02 23:39:18,658 INFO meshmend_backend {"event": "task_started", "task_id": "1f28e9de42c341989dd05ea27d192e84", "workflow": "text_to_3d", "prompt_preview": "a space marine\n\nCreate a production/studio-quality 32mm resin-printable tabletop miniature. This must be final sculpt geometry, not a primitive blockout: crisp "}
2026-07-02 23:39:57,861 INFO meshmend_backend {"event": "task_succeeded", "task_id": "1f28e9de42c341989dd05ea27d192e84", "model_urls": {"stl": "http://127.0.0.1:8090/v1/files/1f28e9de42c341989dd05ea27d192e84_meshmend_native_sculpt.stl"}}
2026-07-03 06:55:03,803 INFO meshmend_backend {"event": "task_started", "task_id": "41715fa18faa4e87ab36870f5c9fd044", "workflow": "text_to_3d", "prompt_preview": "a psace marine\n\nCreate a production/studio-quality 32mm resin-printable tabletop miniature. This must be final sculpt geometry, not a primitive blockout: crisp "}
2026-07-03 06:55:06,873 ERROR meshmend_backend task_failed_before_optional_fallback
Traceback (most recent call last):
  File "D:\MeshMend\src\meshmend_ai\3dsculpter\model_service\main.py", line 549, in _run_task
    raise RuntimeError(worker_error or f"model command exited {completed.returncode}")
RuntimeError: MeshMend local sculpt generator failed: GENERATION FAILED: failing_stage=part_selection: head:character_component_library:GENERATION FAILED: component library has no archetype entry for line_trooper; procedural_modular_provider:GENERATION FAILED: archetype generator failed. Failing function name: _build_category_mesh. Unsupported archetype line_trooper cannot use primitive humanoid fallback.; no_valid_candidates; torso:character_component_library:GENERATION FAILED: component library has no archetype entry for line_trooper; procedural_modular_provider:GENERATION FAILED: archetype generator failed. Failing function name: _build_category_mesh. Unsupported archetype line_trooper cannot use primitive humanoid fallback.; no_valid_candidates; legs:character_component_library:GENERATION FAILED: component library has no archetype entry for line_trooper; procedural_modular_provider:GENERATION FAILED: archetype generator failed. Failing function name: _build_category_mesh. Unsupported archetype line_trooper cannot use primitive humanoid fallback.; no_valid_candidates; left_arm:character_component_library:GENERATION FAILED: component library has no archetype entry for line_trooper; procedural_modular_provider:GENERATION FAILED: archetype generator failed. Failing function name: _build_category_mesh. Unsupported archetype line_trooper cannot use primitive humanoid fallback.; no_valid_candidates; right_arm:character_component_library:GENERATION FAILED: component library has no archetype entry for line_trooper; procedural_modular_provider:GENERATION FAILED: archetype generator failed. Failing function name: _build_category_mesh. Unsupported archetype line_trooper cannot use primitive humanoid fallback.; no_valid_candidates; weapons:character_component_library:GENERATION FAILED: component library has no archetype entry for line_trooper; procedural_modular_provider:GENERATION FAILED: archetype generator failed. Failing function name: _build_category_mesh. Unsupported archetype line_trooper cannot use primitive humanoid fallback.; no_valid_candidates; accessories:character_component_library:GENERATION FAILED: component library has no archetype entry for line_trooper; procedural_modular_provider:GENERATION FAILED: archetype generator failed. Failing function name: _build_category_mesh. Unsupported archetype line_trooper cannot use primitive humanoid fallback.; no_valid_candidates; base:character_component_library:GENERATION FAILED: component library has no archetype entry for line_trooper; procedural_modular_provider:GENERATION FAILED: archetype generator failed. Failing function name: _build_category_mesh. Unsupported archetype line_trooper cannot use primitive humanoid fallback.; no_valid_candidates; missing_selection:head; missing_selection:torso; missing_selection:legs; missing_selection:left_arm; missing_selection:right_arm; missing_selection:weapons; missing_selection:accessories; missing_selection:base
2026-07-03 06:55:07,173 ERROR meshmend_backend {"event": "task_failed", "task_id": "41715fa18faa4e87ab36870f5c9fd044", "error": "MeshMend local sculpt generator failed: GENERATION FAILED: failing_stage=part_selection: head:character_component_library:GENERATION FAILED: component library has no archetype entry for line_trooper; procedural_modular_provider:GENERATION FAILED: archetype generator failed. Failing function name: _build_category_mesh. Unsupported archetype line_trooper cannot use primitive humanoid fallback.; no_valid_candidates; torso:character_component_library:GENERATION FAILED: component library has no archetype entry for line_trooper; procedural_modular_provider:GENERATION FAILED: archetype generator failed. Failing function name: _build_category_mesh. Unsupported archetype line_trooper cannot use primitive humanoid fallback.; no_valid_candidates; legs:character_component_library:GENERATION FAILED: component library has no archetype entry for line_trooper; procedural_modular_provider:GENERATION FAILED: archetype generator failed. Failing function name: _build_category_mesh. Unsupported archetype line_trooper cannot use primitive humanoid fallback.; no_valid_candidates; left_arm:character_component_library:GENERATION FAILED: component library has no archetype entry for line_trooper; procedural_modular_provider:GENERATION FAILED: archetype generator failed. Failing function name: _build_category_mesh. Unsupported archetype line_trooper cannot use primitive humanoid fallback.; no_valid_candidates; right_arm:character_component_library:GENERATION FAILED: component library has no archetype entry for line_trooper; procedural_modular_provider:GENERATION FAILED: archetype generator failed. Failing function name: _build_category_mesh. Unsupported archetype line_trooper cannot use primitive humanoid fallback.; no_valid_candidates; weapons:character_component_library:GENERATION FAILED: component library has no archetype entry for line_trooper; procedural_modular_provider:GENERATION FAILED: archetype generator failed. Failing function name: _build_category_mesh. Unsupported archetype line_trooper cannot use primitive humanoid fallback.; no_valid_candidates; accessories:character_component_library:GENERATION FAILED: component library has no archetype entry for line_trooper; procedural_modular_provider:GENERATION FAILED: archetype generator failed. Failing function name: _build_category_mesh. Unsupported archetype line_trooper cannot use primitive humanoid fallback.; no_valid_candidates; base:character_component_library:GENERATION FAILED: component library has no archetype entry for line_trooper; procedural_modular_provider:GENERATION FAILED: archetype generator failed. Failing function name: _build_category_mesh. Unsupported archetype line_trooper cannot use primitive humanoid fallback.; no_valid_candidates; missing_selection:head; missing_selection:torso; missing_selection:legs; missing_selection:left_arm; missing_selection:right_arm; missing_selection:weapons; missing_selection:accessories; missing_selection:base", "traceback": "Traceback (most recent call last):\n  File \"D:\\MeshMend\\src\\meshmend_ai\\3dsculpter\\model_service\\main.py\", line 549, in _run_task\n    raise RuntimeError(worker_error or f\"model command exited {completed.returncode}\")\nRuntimeError: MeshMend local sculpt generator failed: GENERATION FAILED: failing_stage=part_selection: head:character_component_library:GENERATION FAILED: component library has no archetype entry for line_trooper; procedural_modular_provider:GENERATION FAILED: archetype generator failed. Failing function name: _build_category_mesh. Unsupported archetype line_trooper cannot use primitive humanoid fallback.; no_valid_candidates; torso:character_component_library:GENERATION FAILED: component library has no archetype entry for line_trooper; procedural_modular_provider:GENERATION FAILED: archetype generator failed. Failing function name: _build_category_mesh. Unsupported archetype line_trooper cannot use primitive humanoid fallback.; no_valid_candidates; legs:character_component_library:GENERATION FAILED: component library has no archetype entry for line_trooper; procedural_modular_provider:GENERATION FAILED: archetype generator failed. Failing function name: _build_category_mesh. Unsupported archetype line_trooper cannot use primitive humanoid fallback.; no_valid_candidates; left_arm:character_component_library:GENERATION FAILED: component library has no archetype entry for line_trooper; procedural_modular_provider:GENERATION FAILED: archetype generator failed. Failing function name: _build_category_mesh. Unsupported archetype line_trooper cannot use primitive humanoid fallback.; no_valid_candidates; right_arm:character_component_library:GENERATION FAILED: component library has no archetype entry for line_trooper; procedural_modular_provider:GENERATION FAILED: archetype generator failed. Failing function name: _build_category_mesh. Unsupported archetype line_trooper cannot use primitive humanoid fallback.; no_valid_candidates; weapons:character_component_library:GENERATION FAILED: component library has no archetype entry for line_trooper; procedural_modular_provider:GENERATION FAILED: archetype generator failed. Failing function name: _build_category_mesh. Unsupported archetype line_trooper cannot use primitive humanoid fallback.; no_valid_candidates; accessories:character_component_library:GENERATION FAILED: component library has no archetype entry for line_trooper; procedural_modular_provider:GENERATION FAILED: archetype generator failed. Failing function name: _build_category_mesh. Unsupported archetype line_trooper cannot use primitive humanoid fallback.; no_valid_candidates; base:character_component_library:GENERATION FAILED: component library has no archetype entry for line_trooper; procedural_modular_provider:GENERATION FAILED: archetype generator failed. Failing function name: _build_category_mesh. Unsupported archetype line_trooper cannot use primitive humanoid fallback.; no_valid_candidates; missing_selection:head; missing_selection:torso; missing_selection:legs; missing_selection:left_arm; missing_selection:right_arm; missing_selection:weapons; missing_selection:accessories; missing_selection:base\n"}
2026-07-03 20:03:50,615 INFO meshmend_backend {"event": "task_started", "task_id": "7f6635010e2c438883dda7b902c9adcc", "workflow": "text_to_3d", "prompt_preview": "a space marine\n\nCreate a production/studio-quality 32mm resin-printable tabletop miniature. This must be final sculpt geometry, not a primitive blockout: crisp "}
2026-07-03 20:04:30,743 INFO meshmend_backend {"event": "task_succeeded", "task_id": "7f6635010e2c438883dda7b902c9adcc", "model_urls": {"stl": "http://127.0.0.1:8090/v1/files/7f6635010e2c438883dda7b902c9adcc_meshmend_native_sculpt.stl"}}
2026-07-03 20:20:12,574 INFO meshmend_backend {"event": "task_started", "task_id": "487eadc4b37d4986b6d96c05c537d26e", "workflow": "text_to_3d", "prompt_preview": "space marine\n\nCreate a production/studio-quality 32mm resin-printable tabletop miniature. This must be final sculpt geometry, not a primitive blockout: crisp fa"}
2026-07-03 20:20:53,696 INFO meshmend_backend {"event": "task_succeeded", "task_id": "487eadc4b37d4986b6d96c05c537d26e", "model_urls": {"stl": "http://127.0.0.1:8090/v1/files/487eadc4b37d4986b6d96c05c537d26e_meshmend_native_sculpt.stl"}}
2026-07-03 20:36:32,523 INFO meshmend_backend {"event": "task_started", "task_id": "6d4c4271aea3432097d360cd68917302", "workflow": "text_to_3d", "prompt_preview": "a space marine\n\nCreate a production/studio-quality 32mm resin-printable tabletop miniature. This must be final sculpt geometry, not a primitive blockout: crisp "}
2026-07-03 20:37:12,640 INFO meshmend_backend {"event": "task_succeeded", "task_id": "6d4c4271aea3432097d360cd68917302", "model_urls": {"stl": "http://127.0.0.1:8090/v1/files/6d4c4271aea3432097d360cd68917302_meshmend_native_sculpt.stl"}}
2026-07-03 22:16:22,349 INFO meshmend_backend {"event": "task_started", "task_id": "050f16754094461896474106990aa1aa", "workflow": "text_to_3d", "prompt_preview": "a space marine\n\nCreate a production/studio-quality 32mm resin-printable tabletop miniature. This must be final sculpt geometry, not a primitive blockout: crisp "}
2026-07-03 22:17:05,525 INFO meshmend_backend {"event": "task_succeeded", "task_id": "050f16754094461896474106990aa1aa", "model_urls": {"stl": "http://127.0.0.1:8090/v1/files/050f16754094461896474106990aa1aa_meshmend_native_sculpt.stl"}}
2026-07-04 00:23:45,305 INFO meshmend_backend {"event": "task_started", "task_id": "d7d1f65e697e435a8e083616fe000826", "workflow": "text_to_3d", "prompt_preview": "a space marine\n\nCreate a production/studio-quality 32mm resin-printable tabletop miniature. This must be final sculpt geometry, not a primitive blockout: crisp "}
2026-07-04 00:24:24,412 ERROR meshmend_backend task_failed_before_optional_fallback
Traceback (most recent call last):
  File "D:\MeshMend\src\meshmend_ai\3dsculpter\model_service\main.py", line 549, in _run_task
    {
RuntimeError: certified mesh has too many components: 318 > 300
2026-07-04 00:24:24,595 ERROR meshmend_backend {"event": "task_failed", "task_id": "d7d1f65e697e435a8e083616fe000826", "error": "certified mesh has too many components: 318 > 300", "traceback": "Traceback (most recent call last):\n  File \"D:\\MeshMend\\src\\meshmend_ai\\3dsculpter\\model_service\\main.py\", line 549, in _run_task\n    {\nRuntimeError: certified mesh has too many components: 318 > 300\n"}
2026-07-04 06:37:24,915 INFO meshmend_backend {"event": "task_started", "task_id": "5273252108cf4e139a741cd4a26ae620", "workflow": "text_to_3d", "prompt_preview": "s space marine\n\nCreate a production/studio-quality 32mm resin-printable tabletop miniature. This must be final sculpt geometry, not a primitive blockout: crisp "}
2026-07-04 06:38:04,048 INFO meshmend_backend {"event": "task_succeeded", "task_id": "5273252108cf4e139a741cd4a26ae620", "model_urls": {"stl": "http://127.0.0.1:8090/v1/files/5273252108cf4e139a741cd4a26ae620_meshmend_native_sculpt.stl"}}
2026-07-04 09:41:26,736 INFO meshmend_backend {"event": "task_started", "task_id": "c0f490513c8a4cf98c6d9bf35055c534", "workflow": "text_to_3d", "prompt_preview": "a space marine\n\nCreate a production/studio-quality 32mm resin-printable tabletop miniature. This must be final sculpt geometry, not a primitive blockout: crisp "}
2026-07-04 09:42:07,878 INFO meshmend_backend {"event": "task_succeeded", "task_id": "c0f490513c8a4cf98c6d9bf35055c534", "model_urls": {"stl": "http://127.0.0.1:8090/v1/files/c0f490513c8a4cf98c6d9bf35055c534_meshmend_native_sculpt.stl"}}
2026-07-04 09:53:07,604 INFO meshmend_backend {"event": "task_started", "task_id": "8b395ed9b01e498bbfd8ac8b9efe34c3", "workflow": "text_to_3d", "prompt_preview": "a space marine\n\nCreate a production/studio-quality 32mm resin-printable tabletop miniature. This must be final sculpt geometry, not a primitive blockout: crisp "}
2026-07-04 09:53:52,791 INFO meshmend_backend {"event": "task_succeeded", "task_id": "8b395ed9b01e498bbfd8ac8b9efe34c3", "model_urls": {"stl": "http://127.0.0.1:8090/v1/files/8b395ed9b01e498bbfd8ac8b9efe34c3_meshmend_native_sculpt.stl"}}
2026-07-04 12:24:02,423 INFO meshmend_backend {"event": "task_started", "task_id": "706447828560471faea7a883ad482e15", "workflow": "text_to_3d", "prompt_preview": "a dragon\n\nCreate a production/studio-quality 32mm resin-printable tabletop miniature. This must be final sculpt geometry, not a primitive blockout: crisp facial"}
2026-07-04 12:24:04,471 ERROR meshmend_backend task_failed_before_optional_fallback
Traceback (most recent call last):
  File "D:\MeshMend\src\meshmend_ai\3dsculpter\model_service\main.py", line 549, in _run_task
    {
RuntimeError: MeshMend local sculpt generator failed: GENERATION FAILED: failing_stage=part_selection: head:character_component_library:GENERATION FAILED: component library has no archetype entry for line_trooper; procedural_modular_provider:GENERATION FAILED: archetype generator failed. Failing function name: _build_category_mesh. Unsupported archetype line_trooper cannot use primitive humanoid fallback.; no_valid_candidates; torso:character_component_library:GENERATION FAILED: component library has no archetype entry for line_trooper; procedural_modular_provider:GENERATION FAILED: archetype generator failed. Failing function name: _build_category_mesh. Unsupported archetype line_trooper cannot use primitive humanoid fallback.; no_valid_candidates; legs:character_component_library:GENERATION FAILED: component library has no archetype entry for line_trooper; procedural_modular_provider:GENERATION FAILED: archetype generator failed. Failing function name: _build_category_mesh. Unsupported archetype line_trooper cannot use primitive humanoid fallback.; no_valid_candidates; left_arm:character_component_library:GENERATION FAILED: component library has no archetype entry for line_trooper; procedural_modular_provider:GENERATION FAILED: archetype generator failed. Failing function name: _build_category_mesh. Unsupported archetype line_trooper cannot use primitive humanoid fallback.; no_valid_candidates; right_arm:character_component_library:GENERATION FAILED: component library has no archetype entry for line_trooper; procedural_modular_provider:GENERATION FAILED: archetype generator failed. Failing function name: _build_category_mesh. Unsupported archetype line_trooper cannot use primitive humanoid fallback.; no_valid_candidates; weapons:character_component_library:GENERATION FAILED: component library has no archetype entry for line_trooper; procedural_modular_provider:GENERATION FAILED: archetype generator failed. Failing function name: _build_category_mesh. Unsupported archetype line_trooper cannot use primitive humanoid fallback.; no_valid_candidates; accessories:character_component_library:GENERATION FAILED: component library has no archetype entry for line_trooper; procedural_modular_provider:GENERATION FAILED: archetype generator failed. Failing function name: _build_category_mesh. Unsupported archetype line_trooper cannot use primitive humanoid fallback.; no_valid_candidates; base:character_component_library:GENERATION FAILED: component library has no archetype entry for line_trooper; procedural_modular_provider:GENERATION FAILED: archetype generator failed. Failing function name: _build_category_mesh. Unsupported archetype line_trooper cannot use primitive humanoid fallback.; no_valid_candidates; missing_selection:head; missing_selection:torso; missing_selection:legs; missing_selection:left_arm; missing_selection:right_arm; missing_selection:weapons; missing_selection:accessories; missing_selection:base
2026-07-04 12:24:04,642 ERROR meshmend_backend {"event": "task_failed", "task_id": "706447828560471faea7a883ad482e15", "error": "MeshMend local sculpt generator failed: GENERATION FAILED: failing_stage=part_selection: head:character_component_library:GENERATION FAILED: component library has no archetype entry for line_trooper; procedural_modular_provider:GENERATION FAILED: archetype generator failed. Failing function name: _build_category_mesh. Unsupported archetype line_trooper cannot use primitive humanoid fallback.; no_valid_candidates; torso:character_component_library:GENERATION FAILED: component library has no archetype entry for line_trooper; procedural_modular_provider:GENERATION FAILED: archetype generator failed. Failing function name: _build_category_mesh. Unsupported archetype line_trooper cannot use primitive humanoid fallback.; no_valid_candidates; legs:character_component_library:GENERATION FAILED: component library has no archetype entry for line_trooper; procedural_modular_provider:GENERATION FAILED: archetype generator failed. Failing function name: _build_category_mesh. Unsupported archetype line_trooper cannot use primitive humanoid fallback.; no_valid_candidates; left_arm:character_component_library:GENERATION FAILED: component library has no archetype entry for line_trooper; procedural_modular_provider:GENERATION FAILED: archetype generator failed. Failing function name: _build_category_mesh. Unsupported archetype line_trooper cannot use primitive humanoid fallback.; no_valid_candidates; right_arm:character_component_library:GENERATION FAILED: component library has no archetype entry for line_trooper; procedural_modular_provider:GENERATION FAILED: archetype generator failed. Failing function name: _build_category_mesh. Unsupported archetype line_trooper cannot use primitive humanoid fallback.; no_valid_candidates; weapons:character_component_library:GENERATION FAILED: component library has no archetype entry for line_trooper; procedural_modular_provider:GENERATION FAILED: archetype generator failed. Failing function name: _build_category_mesh. Unsupported archetype line_trooper cannot use primitive humanoid fallback.; no_valid_candidates; accessories:character_component_library:GENERATION FAILED: component library has no archetype entry for line_trooper; procedural_modular_provider:GENERATION FAILED: archetype generator failed. Failing function name: _build_category_mesh. Unsupported archetype line_trooper cannot use primitive humanoid fallback.; no_valid_candidates; base:character_component_library:GENERATION FAILED: component library has no archetype entry for line_trooper; procedural_modular_provider:GENERATION FAILED: archetype generator failed. Failing function name: _build_category_mesh. Unsupported archetype line_trooper cannot use primitive humanoid fallback.; no_valid_candidates; missing_selection:head; missing_selection:torso; missing_selection:legs; missing_selection:left_arm; missing_selection:right_arm; missing_selection:weapons; missing_selection:accessories; missing_selection:base", "traceback": "Traceback (most recent call last):\n  File \"D:\\MeshMend\\src\\meshmend_ai\\3dsculpter\\model_service\\main.py\", line 549, in _run_task\n    {\nRuntimeError: MeshMend local sculpt generator failed: GENERATION FAILED: failing_stage=part_selection: head:character_component_library:GENERATION FAILED: component library has no archetype entry for line_trooper; procedural_modular_provider:GENERATION FAILED: archetype generator failed. Failing function name: _build_category_mesh. Unsupported archetype line_trooper cannot use primitive humanoid fallback.; no_valid_candidates; torso:character_component_library:GENERATION FAILED: component library has no archetype entry for line_trooper; procedural_modular_provider:GENERATION FAILED: archetype generator failed. Failing function name: _build_category_mesh. Unsupported archetype line_trooper cannot use primitive humanoid fallback.; no_valid_candidates; legs:character_component_library:GENERATION FAILED: component library has no archetype entry for line_trooper; procedural_modular_provider:GENERATION FAILED: archetype generator failed. Failing function name: _build_category_mesh. Unsupported archetype line_trooper cannot use primitive humanoid fallback.; no_valid_candidates; left_arm:character_component_library:GENERATION FAILED: component library has no archetype entry for line_trooper; procedural_modular_provider:GENERATION FAILED: archetype generator failed. Failing function name: _build_category_mesh. Unsupported archetype line_trooper cannot use primitive humanoid fallback.; no_valid_candidates; right_arm:character_component_library:GENERATION FAILED: component library has no archetype entry for line_trooper; procedural_modular_provider:GENERATION FAILED: archetype generator failed. Failing function name: _build_category_mesh. Unsupported archetype line_trooper cannot use primitive humanoid fallback.; no_valid_candidates; weapons:character_component_library:GENERATION FAILED: component library has no archetype entry for line_trooper; procedural_modular_provider:GENERATION FAILED: archetype generator failed. Failing function name: _build_category_mesh. Unsupported archetype line_trooper cannot use primitive humanoid fallback.; no_valid_candidates; accessories:character_component_library:GENERATION FAILED: component library has no archetype entry for line_trooper; procedural_modular_provider:GENERATION FAILED: archetype generator failed. Failing function name: _build_category_mesh. Unsupported archetype line_trooper cannot use primitive humanoid fallback.; no_valid_candidates; base:character_component_library:GENERATION FAILED: component library has no archetype entry for line_trooper; procedural_modular_provider:GENERATION FAILED: archetype generator failed. Failing function name: _build_category_mesh. Unsupported archetype line_trooper cannot use primitive humanoid fallback.; no_valid_candidates; missing_selection:head; missing_selection:torso; missing_selection:legs; missing_selection:left_arm; missing_selection:right_arm; missing_selection:weapons; missing_selection:accessories; missing_selection:base\n"}
2026-07-04 12:35:17,036 INFO meshmend_backend {"event": "task_started", "task_id": "0b87878ca4e1474ca2acaa2b9d6903f2", "workflow": "text_to_3d", "prompt_preview": "a dragon\n\nCreate a production/studio-quality 32mm resin-printable tabletop miniature. This must be final sculpt geometry, not a primitive blockout: crisp facial"}
2026-07-04 12:36:14,258 INFO meshmend_backend {"event": "task_succeeded", "task_id": "0b87878ca4e1474ca2acaa2b9d6903f2", "model_urls": {"stl": "http://127.0.0.1:8090/v1/files/0b87878ca4e1474ca2acaa2b9d6903f2_meshmend_native_sculpt.stl"}}
2026-07-05 08:16:23,715 INFO meshmend_backend {"event": "task_started", "task_id": "80517c47410a4285ad976c143b28c1c5", "workflow": "text_to_3d", "prompt_preview": "a space marine\n\nCreate a production/studio-quality 32mm resin-printable tabletop miniature. This must be final sculpt geometry, not a primitive blockout: crisp "}
2026-07-05 08:16:28,907 ERROR meshmend_backend task_failed_before_optional_fallback
Traceback (most recent call last):
  File "D:\MeshMend\src\meshmend_ai\3dsculpter\model_service\main.py", line 585, in _run_task
    raise RuntimeError(worker_error or f"model command exited {completed.returncode}")
RuntimeError: MeshMend local sculpt generator failed: DetailCritic rejected sculpted miniature: large_smooth_surfaces_dominate
2026-07-05 08:16:29,255 ERROR meshmend_backend {"event": "task_failed", "task_id": "80517c47410a4285ad976c143b28c1c5", "error": "MeshMend local sculpt generator failed: DetailCritic rejected sculpted miniature: large_smooth_surfaces_dominate", "traceback": "Traceback (most recent call last):\n  File \"D:\\MeshMend\\src\\meshmend_ai\\3dsculpter\\model_service\\main.py\", line 585, in _run_task\n    raise RuntimeError(worker_error or f\"model command exited {completed.returncode}\")\nRuntimeError: MeshMend local sculpt generator failed: DetailCritic rejected sculpted miniature: large_smooth_surfaces_dominate\n"}
2026-07-05 09:00:48,330 INFO meshmend_backend {"event": "task_started", "task_id": "26c9b64a59ff400bb74276c15cbeb7cc", "workflow": "text_to_3d", "prompt_preview": "a dragon\n\nCreate a production/studio-quality 32mm resin-printable tabletop miniature. This must be final sculpt geometry, not a primitive blockout: crisp facial"}
2026-07-05 09:01:54,431 ERROR meshmend_backend task_failed_before_optional_fallback
Traceback (most recent call last):
  File "D:\MeshMend\src\meshmend_ai\3dsculpter\model_service\main.py", line 585, in _run_task
    raise RuntimeError(worker_error or f"model command exited {completed.returncode}")
RuntimeError: certified mesh is not watertight
2026-07-05 09:01:54,609 ERROR meshmend_backend {"event": "task_failed", "task_id": "26c9b64a59ff400bb74276c15cbeb7cc", "error": "certified mesh is not watertight", "traceback": "Traceback (most recent call last):\n  File \"D:\\MeshMend\\src\\meshmend_ai\\3dsculpter\\model_service\\main.py\", line 585, in _run_task\n    raise RuntimeError(worker_error or f\"model command exited {completed.returncode}\")\nRuntimeError: certified mesh is not watertight\n"}
2026-07-05 09:19:13,913 INFO meshmend_backend {"event": "task_started", "task_id": "ffd3b70f4efc4d0eb7fb32d43703d18f", "workflow": "text_to_3d", "prompt_preview": "a dragon\n\nCreate a production/studio-quality 32mm resin-printable tabletop miniature. This must be final sculpt geometry, not a primitive blockout: crisp facial"}
2026-07-05 09:23:56,485 INFO meshmend_backend {"event": "task_succeeded", "task_id": "ffd3b70f4efc4d0eb7fb32d43703d18f", "model_urls": {"stl": "http://127.0.0.1:8090/v1/files/ffd3b70f4efc4d0eb7fb32d43703d18f_meshmend_native_sculpt.stl"}}
2026-07-05 09:23:59,516 INFO meshmend_backend {"event": "download_cleanup_complete", "filename": "ffd3b70f4efc4d0eb7fb32d43703d18f_meshmend_native_sculpt.stl", "removed": {"files": ["D:\\MeshMend\\src\\meshmend_ai\\3dsculpter\\model_service\\outputs\\ffd3b70f4efc4d0eb7fb32d43703d18f_meshmend_native_sculpt.stl"], "dirs": ["D:\\MeshMend\\src\\meshmend_ai\\3dsculpter\\model_service\\outputs\\ffd3b70f4efc4d0eb7fb32d43703d18f", "D:\\MeshMend\\src\\meshmend_ai\\3dsculpter\\model_service\\tasks\\ffd3b70f4efc4d0eb7fb32d43703d18f"]}}
2026-07-05 09:23:59,757 INFO meshmend_backend {"event": "task_artifacts_cleanup_requested", "task_id": "ffd3b70f4efc4d0eb7fb32d43703d18f", "removed": {"files": [], "dirs": []}}
2026-07-05 09:45:35,452 INFO meshmend_backend {"event": "task_started", "task_id": "e6d0ad512da24a6ca582c406b1f9460b", "workflow": "text_to_3d", "prompt_preview": "a dragon\n\nCreate a production/studio-quality 32mm resin-printable tabletop miniature. This must be final sculpt geometry, not a primitive blockout: crisp facial"}
2026-07-05 09:50:53,777 INFO meshmend_backend {"event": "task_succeeded", "task_id": "e6d0ad512da24a6ca582c406b1f9460b", "model_urls": {"stl": "http://127.0.0.1:8090/v1/files/e6d0ad512da24a6ca582c406b1f9460b_meshmend_native_sculpt.stl"}}
2026-07-05 09:50:56,351 INFO meshmend_backend {"event": "download_cleanup_complete", "filename": "e6d0ad512da24a6ca582c406b1f9460b_meshmend_native_sculpt.stl", "removed": {"files": ["D:\\MeshMend\\src\\meshmend_ai\\3dsculpter\\model_service\\outputs\\e6d0ad512da24a6ca582c406b1f9460b_meshmend_native_sculpt.stl"], "dirs": ["D:\\MeshMend\\src\\meshmend_ai\\3dsculpter\\model_service\\outputs\\e6d0ad512da24a6ca582c406b1f9460b", "D:\\MeshMend\\src\\meshmend_ai\\3dsculpter\\model_service\\tasks\\e6d0ad512da24a6ca582c406b1f9460b"]}}
2026-07-05 09:50:56,610 INFO meshmend_backend {"event": "task_artifacts_cleanup_requested", "task_id": "e6d0ad512da24a6ca582c406b1f9460b", "removed": {"files": [], "dirs": []}}
2026-07-05 10:12:47,245 INFO meshmend_backend {"event": "task_started", "task_id": "9bed19c299244407ad1583e918e8b79e", "workflow": "text_to_3d", "prompt_preview": "a dragon\n\nCreate a production/studio-quality 32mm resin-printable tabletop miniature. This must be final sculpt geometry, not a primitive blockout: crisp facial"}
2026-07-05 10:18:49,672 INFO meshmend_backend {"event": "task_succeeded", "task_id": "9bed19c299244407ad1583e918e8b79e", "model_urls": {"stl": "http://127.0.0.1:8090/v1/files/9bed19c299244407ad1583e918e8b79e_meshmend_native_sculpt.stl"}}
2026-07-05 10:18:52,808 INFO meshmend_backend {"event": "download_cleanup_complete", "filename": "9bed19c299244407ad1583e918e8b79e_meshmend_native_sculpt.stl", "removed": {"files": ["D:\\MeshMend\\src\\meshmend_ai\\3dsculpter\\model_service\\outputs\\9bed19c299244407ad1583e918e8b79e_meshmend_native_sculpt.stl"], "dirs": ["D:\\MeshMend\\src\\meshmend_ai\\3dsculpter\\model_service\\outputs\\9bed19c299244407ad1583e918e8b79e", "D:\\MeshMend\\src\\meshmend_ai\\3dsculpter\\model_service\\tasks\\9bed19c299244407ad1583e918e8b79e"]}}
2026-07-05 10:18:53,084 INFO meshmend_backend {"event": "task_artifacts_cleanup_requested", "task_id": "9bed19c299244407ad1583e918e8b79e", "removed": {"files": [], "dirs": []}}
2026-07-05 22:19:39,074 INFO meshmend_backend {"event": "task_started", "task_id": "611b2a09b6a642caa81694de79cd2079", "workflow": "text_to_3d", "prompt_preview": "a dragon\n\nCreate a production/studio-quality 32mm resin-printable tabletop miniature. This must be final sculpt geometry, not a primitive blockout: crisp facial"}
2026-07-05 22:22:33,847 INFO meshmend_backend {"event": "task_succeeded", "task_id": "611b2a09b6a642caa81694de79cd2079", "model_urls": {"stl": "http://127.0.0.1:8090/v1/files/611b2a09b6a642caa81694de79cd2079_meshmend_native_sculpt.stl"}}
2026-07-05 22:22:34,876 INFO meshmend_backend {"event": "download_cleanup_complete", "filename": "611b2a09b6a642caa81694de79cd2079_meshmend_native_sculpt.stl", "removed": {"files": ["D:\\MeshMend\\src\\meshmend_ai\\3dsculpter\\model_service\\outputs\\611b2a09b6a642caa81694de79cd2079_meshmend_native_sculpt.stl"], "dirs": ["D:\\MeshMend\\src\\meshmend_ai\\3dsculpter\\model_service\\outputs\\611b2a09b6a642caa81694de79cd2079", "D:\\MeshMend\\src\\meshmend_ai\\3dsculpter\\model_service\\tasks\\611b2a09b6a642caa81694de79cd2079"]}}
2026-07-05 22:22:35,799 INFO meshmend_backend {"event": "task_artifacts_cleanup_requested", "task_id": "611b2a09b6a642caa81694de79cd2079", "removed": {"files": [], "dirs": []}}
2026-07-06 00:07:52,044 INFO meshmend_backend {"event": "task_started", "task_id": "a170009f99214f22a1c46c2fa69f531e", "workflow": "text_to_3d", "prompt_preview": "a dragon\n\nCreate a production/studio-quality 32mm resin-printable tabletop miniature. This must be final sculpt geometry, not a primitive blockout: crisp facial"}
2026-07-06 00:10:50,082 INFO meshmend_backend {"event": "task_succeeded", "task_id": "a170009f99214f22a1c46c2fa69f531e", "model_urls": {"stl": "http://127.0.0.1:8090/v1/files/a170009f99214f22a1c46c2fa69f531e_meshmend_native_sculpt.stl"}}
2026-07-06 00:10:53,298 INFO meshmend_backend {"event": "download_cleanup_complete", "filename": "a170009f99214f22a1c46c2fa69f531e_meshmend_native_sculpt.stl", "removed": {"files": ["D:\\MeshMend\\src\\meshmend_ai\\3dsculpter\\model_service\\outputs\\a170009f99214f22a1c46c2fa69f531e_meshmend_native_sculpt.stl"], "dirs": ["D:\\MeshMend\\src\\meshmend_ai\\3dsculpter\\model_service\\outputs\\a170009f99214f22a1c46c2fa69f531e", "D:\\MeshMend\\src\\meshmend_ai\\3dsculpter\\model_service\\tasks\\a170009f99214f22a1c46c2fa69f531e"]}}
2026-07-06 00:10:54,386 INFO meshmend_backend {"event": "task_artifacts_cleanup_requested", "task_id": "a170009f99214f22a1c46c2fa69f531e", "removed": {"files": [], "dirs": []}}
2026-07-06 19:45:25,572 INFO meshmend_backend {"event": "task_started", "task_id": "0aca1d746d5d41e99036b50591d413a4", "workflow": "text_to_3d", "prompt_preview": "a drAgon\n\nCreate a production/studio-quality 32mm resin-printable tabletop miniature. This must be final sculpt geometry, not a primitive blockout: crisp facial"}
2026-07-06 19:48:09,069 INFO meshmend_backend {"event": "task_succeeded", "task_id": "0aca1d746d5d41e99036b50591d413a4", "model_urls": {"stl": "http://127.0.0.1:8090/v1/files/0aca1d746d5d41e99036b50591d413a4_meshmend_native_sculpt.stl"}}
2026-07-06 19:48:11,303 INFO meshmend_backend {"event": "download_cleanup_complete", "filename": "0aca1d746d5d41e99036b50591d413a4_meshmend_native_sculpt.stl", "removed": {"files": ["D:\\MeshMend\\src\\meshmend_ai\\3dsculpter\\model_service\\outputs\\0aca1d746d5d41e99036b50591d413a4_meshmend_native_sculpt.stl"], "dirs": ["D:\\MeshMend\\src\\meshmend_ai\\3dsculpter\\model_service\\outputs\\0aca1d746d5d41e99036b50591d413a4", "D:\\MeshMend\\src\\meshmend_ai\\3dsculpter\\model_service\\tasks\\0aca1d746d5d41e99036b50591d413a4"]}}
2026-07-06 19:48:11,863 INFO meshmend_backend {"event": "task_artifacts_cleanup_requested", "task_id": "0aca1d746d5d41e99036b50591d413a4", "removed": {"files": [], "dirs": []}}
2026-07-06 20:09:15,137 INFO meshmend_backend {"event": "task_started", "task_id": "69adaf02ba264b2c88dac9e6b385795d", "workflow": "text_to_3d", "prompt_preview": "a dragon\n\nCreate a production/studio-quality 32mm resin-printable tabletop miniature. This must be final sculpt geometry, not a primitive blockout: crisp facial"}
2026-07-06 20:12:10,940 INFO meshmend_backend {"event": "task_succeeded", "task_id": "69adaf02ba264b2c88dac9e6b385795d", "model_urls": {"stl": "http://127.0.0.1:8090/v1/files/69adaf02ba264b2c88dac9e6b385795d_meshmend_native_sculpt.stl"}}
2026-07-06 20:12:15,633 INFO meshmend_backend {"event": "download_cleanup_complete", "filename": "69adaf02ba264b2c88dac9e6b385795d_meshmend_native_sculpt.stl", "removed": {"files": ["D:\\MeshMend\\src\\meshmend_ai\\3dsculpter\\model_service\\outputs\\69adaf02ba264b2c88dac9e6b385795d_meshmend_native_sculpt.stl"], "dirs": ["D:\\MeshMend\\src\\meshmend_ai\\3dsculpter\\model_service\\outputs\\69adaf02ba264b2c88dac9e6b385795d", "D:\\MeshMend\\src\\meshmend_ai\\3dsculpter\\model_service\\tasks\\69adaf02ba264b2c88dac9e6b385795d"]}}
2026-07-06 20:12:16,179 INFO meshmend_backend {"event": "task_artifacts_cleanup_requested", "task_id": "69adaf02ba264b2c88dac9e6b385795d", "removed": {"files": [], "dirs": []}}
2026-07-06 20:35:37,515 INFO meshmend_backend {"event": "task_started", "task_id": "019e95b69615435fae8ce4c0a31159a9", "workflow": "text_to_3d", "prompt_preview": "a dragon\n\nCreate a production/studio-quality 32mm resin-printable tabletop miniature. This must be final sculpt geometry, not a primitive blockout: crisp facial"}
2026-07-06 20:39:06,569 INFO meshmend_backend {"event": "task_succeeded", "task_id": "019e95b69615435fae8ce4c0a31159a9", "model_urls": {"stl": "http://127.0.0.1:8090/v1/files/019e95b69615435fae8ce4c0a31159a9_meshmend_native_sculpt.stl"}}
2026-07-06 20:39:08,358 INFO meshmend_backend {"event": "download_cleanup_complete", "filename": "019e95b69615435fae8ce4c0a31159a9_meshmend_native_sculpt.stl", "removed": {"files": ["D:\\MeshMend\\src\\meshmend_ai\\3dsculpter\\model_service\\outputs\\019e95b69615435fae8ce4c0a31159a9_meshmend_native_sculpt.stl"], "dirs": ["D:\\MeshMend\\src\\meshmend_ai\\3dsculpter\\model_service\\outputs\\019e95b69615435fae8ce4c0a31159a9", "D:\\MeshMend\\src\\meshmend_ai\\3dsculpter\\model_service\\tasks\\019e95b69615435fae8ce4c0a31159a9"]}}
2026-07-06 20:39:08,809 INFO meshmend_backend {"event": "task_artifacts_cleanup_requested", "task_id": "019e95b69615435fae8ce4c0a31159a9", "removed": {"files": [], "dirs": []}}
2026-07-06 21:36:40,645 INFO meshmend_backend {"event": "task_started", "task_id": "911f17b26449427aaf89d85e2efed057", "workflow": "text_to_3d", "prompt_preview": "a space marine\n\nCreate a production/studio-quality 32mm resin-printable tabletop miniature. This must be final sculpt geometry, not a primitive blockout: crisp "}
2026-07-06 21:43:29,611 INFO meshmend_backend {"event": "task_succeeded", "task_id": "911f17b26449427aaf89d85e2efed057", "model_urls": {"stl": "http://127.0.0.1:8090/v1/files/911f17b26449427aaf89d85e2efed057_meshmend_native_sculpt.stl"}}
2026-07-06 21:43:31,896 INFO meshmend_backend {"event": "download_cleanup_complete", "filename": "911f17b26449427aaf89d85e2efed057_meshmend_native_sculpt.stl", "removed": {"files": ["D:\\MeshMend\\src\\meshmend_ai\\3dsculpter\\model_service\\outputs\\911f17b26449427aaf89d85e2efed057_meshmend_native_sculpt.stl"], "dirs": ["D:\\MeshMend\\src\\meshmend_ai\\3dsculpter\\model_service\\outputs\\911f17b26449427aaf89d85e2efed057", "D:\\MeshMend\\src\\meshmend_ai\\3dsculpter\\model_service\\tasks\\911f17b26449427aaf89d85e2efed057"]}}
2026-07-06 21:43:32,718 INFO meshmend_backend {"event": "task_artifacts_cleanup_requested", "task_id": "911f17b26449427aaf89d85e2efed057", "removed": {"files": [], "dirs": []}}
2026-07-07 00:05:54,372 INFO meshmend_backend {"event": "task_started", "task_id": "bce4dc09662f430bbfd3bc86836a9ed9", "workflow": "text_to_3d", "prompt_preview": "a space marine\n\nCreate a production/studio-quality 32mm resin-printable tabletop miniature. This must be final sculpt geometry, not a primitive blockout: crisp "}
2026-07-07 00:12:35,083 INFO meshmend_backend {"event": "task_succeeded", "task_id": "bce4dc09662f430bbfd3bc86836a9ed9", "model_urls": {"stl": "http://127.0.0.1:8090/v1/files/bce4dc09662f430bbfd3bc86836a9ed9_meshmend_native_sculpt.stl"}}
2026-07-07 00:12:40,458 INFO meshmend_backend {"event": "download_cleanup_complete", "filename": "bce4dc09662f430bbfd3bc86836a9ed9_meshmend_native_sculpt.stl", "removed": {"files": ["D:\\MeshMend\\src\\meshmend_ai\\3dsculpter\\model_service\\outputs\\bce4dc09662f430bbfd3bc86836a9ed9_meshmend_native_sculpt.stl"], "dirs": ["D:\\MeshMend\\src\\meshmend_ai\\3dsculpter\\model_service\\outputs\\bce4dc09662f430bbfd3bc86836a9ed9", "D:\\MeshMend\\src\\meshmend_ai\\3dsculpter\\model_service\\tasks\\bce4dc09662f430bbfd3bc86836a9ed9"]}}
2026-07-07 00:12:41,245 INFO meshmend_backend {"event": "task_artifacts_cleanup_requested", "task_id": "bce4dc09662f430bbfd3bc86836a9ed9", "removed": {"files": [], "dirs": []}}
2026-07-07 00:59:15,995 INFO meshmend_backend {"event": "task_started", "task_id": "7c40e565b08d49309daf6bd3d0fa628c", "workflow": "text_to_3d", "prompt_preview": "a space marine\n\nCreate a production/studio-quality 32mm resin-printable tabletop miniature. This must be final sculpt geometry, not a primitive blockout: crisp "}
2026-07-07 01:06:10,634 ERROR meshmend_backend task_failed_before_optional_fallback
Traceback (most recent call last):
  File "D:\MeshMend\src\meshmend_ai\3dsculpter\model_service\main.py", line 585, in _run_task
    raise RuntimeError(worker_error or f"model command exited {completed.returncode}")
RuntimeError: No-API local external output failed store-quality mesh checks: background_slab_artifact
2026-07-07 01:06:10,874 ERROR meshmend_backend {"event": "task_failed", "task_id": "7c40e565b08d49309daf6bd3d0fa628c", "error": "No-API local external output failed store-quality mesh checks: background_slab_artifact", "traceback": "Traceback (most recent call last):\n  File \"D:\\MeshMend\\src\\meshmend_ai\\3dsculpter\\model_service\\main.py\", line 585, in _run_task\n    raise RuntimeError(worker_error or f\"model command exited {completed.returncode}\")\nRuntimeError: No-API local external output failed store-quality mesh checks: background_slab_artifact\n"}
2026-07-07 07:40:13,661 INFO meshmend_backend {"event": "task_started", "task_id": "f6ceca82f8c34df8b04e0c68030671af", "workflow": "text_to_3d", "prompt_preview": "a space marine\n\nCreate a production/studio-quality 32mm resin-printable tabletop miniature. This must be final sculpt geometry, not a primitive blockout: crisp "}
2026-07-07 07:46:31,053 INFO meshmend_backend {"event": "task_succeeded", "task_id": "f6ceca82f8c34df8b04e0c68030671af", "model_urls": {"stl": "http://127.0.0.1:8090/v1/files/f6ceca82f8c34df8b04e0c68030671af_meshmend_native_sculpt.stl"}}
2026-07-07 07:46:34,090 INFO meshmend_backend {"event": "download_cleanup_complete", "filename": "f6ceca82f8c34df8b04e0c68030671af_meshmend_native_sculpt.stl", "removed": {"files": ["D:\\MeshMend\\src\\meshmend_ai\\3dsculpter\\model_service\\outputs\\f6ceca82f8c34df8b04e0c68030671af_meshmend_native_sculpt.stl"], "dirs": ["D:\\MeshMend\\src\\meshmend_ai\\3dsculpter\\model_service\\outputs\\f6ceca82f8c34df8b04e0c68030671af", "D:\\MeshMend\\src\\meshmend_ai\\3dsculpter\\model_service\\tasks\\f6ceca82f8c34df8b04e0c68030671af"]}}
2026-07-07 07:46:34,090 INFO meshmend_backend {"event": "task_artifacts_cleanup_requested", "task_id": "f6ceca82f8c34df8b04e0c68030671af", "removed": {"files": [], "dirs": []}}
2026-07-07 08:07:02,581 INFO meshmend_backend {"event": "task_started", "task_id": "3897a3ced20940848099577c90e8e389", "workflow": "text_to_3d", "prompt_preview": "space marine\n\nCreate a production/studio-quality 32mm resin-printable tabletop miniature. This must be final sculpt geometry, not a primitive blockout: crisp fa"}
2026-07-07 08:14:42,165 INFO meshmend_backend {"event": "task_succeeded", "task_id": "3897a3ced20940848099577c90e8e389", "model_urls": {"stl": "http://127.0.0.1:8090/v1/files/3897a3ced20940848099577c90e8e389_meshmend_native_sculpt.stl"}}
2026-07-07 08:14:44,002 INFO meshmend_backend {"event": "download_cleanup_complete", "filename": "3897a3ced20940848099577c90e8e389_meshmend_native_sculpt.stl", "removed": {"files": ["D:\\MeshMend\\src\\meshmend_ai\\3dsculpter\\model_service\\outputs\\3897a3ced20940848099577c90e8e389_meshmend_native_sculpt.stl"], "dirs": ["D:\\MeshMend\\src\\meshmend_ai\\3dsculpter\\model_service\\outputs\\3897a3ced20940848099577c90e8e389", "D:\\MeshMend\\src\\meshmend_ai\\3dsculpter\\model_service\\tasks\\3897a3ced20940848099577c90e8e389"]}}
2026-07-07 08:14:44,743 INFO meshmend_backend {"event": "task_artifacts_cleanup_requested", "task_id": "3897a3ced20940848099577c90e8e389", "removed": {"files": [], "dirs": []}}
2026-07-07 08:17:47,412 INFO meshmend_backend {"event": "diagnostics_requested", "status": "ok"}
2026-07-07 08:19:19,685 INFO meshmend_backend {"event": "task_started", "task_id": "9541edc24bb448e1b15f52f58a67eda4", "workflow": "text_to_3d", "prompt_preview": "space marine crisp armor trim rivets face fingers weapon bevels detail verification 20260707_081919"}
2026-07-07 08:27:19,257 INFO meshmend_backend {"event": "task_succeeded", "task_id": "9541edc24bb448e1b15f52f58a67eda4", "model_urls": {"stl": "http://127.0.0.1:8090/v1/files/9541edc24bb448e1b15f52f58a67eda4_meshmend_native_sculpt.stl"}}
2026-07-07 08:28:17,664 INFO meshmend_backend {"event": "task_started", "task_id": "921fb5a8503b4856be942b8b6c5a88c1", "workflow": "text_to_3d", "prompt_preview": "space marine post patch coherent fused detail armor trim rivets helmet vents weapon bevels 20260707_082817"}
2026-07-07 08:29:03,738 ERROR meshmend_backend task_failed_before_optional_fallback
Traceback (most recent call last):
  File "D:\MeshMend\src\meshmend_ai\3dsculpter\model_service\main.py", line 585, in _run_task
    raise RuntimeError(worker_error or f"model command exited {completed.returncode}")
RuntimeError: MeshMend local sculpt generator failed: GENERATION FAILED: failing_stage=printability_validation: too_many_shells_after_fusion:4
2026-07-07 08:29:03,910 ERROR meshmend_backend {"event": "task_failed", "task_id": "921fb5a8503b4856be942b8b6c5a88c1", "error": "MeshMend local sculpt generator failed: GENERATION FAILED: failing_stage=printability_validation: too_many_shells_after_fusion:4", "traceback": "Traceback (most recent call last):\n  File \"D:\\MeshMend\\src\\meshmend_ai\\3dsculpter\\model_service\\main.py\", line 585, in _run_task\n    raise RuntimeError(worker_error or f\"model command exited {completed.returncode}\")\nRuntimeError: MeshMend local sculpt generator failed: GENERATION FAILED: failing_stage=printability_validation: too_many_shells_after_fusion:4\n"}
2026-07-07 08:30:20,212 INFO meshmend_backend {"event": "task_started", "task_id": "ed92d8f50855460fbb753e4e4398e709", "workflow": "text_to_3d", "prompt_preview": "space marine post bridge fused detail armor trim rivets helmet vents weapon bevels 20260707_083019"}
2026-07-07 08:32:38,398 ERROR meshmend_backend task_failed_before_optional_fallback
Traceback (most recent call last):
  File "D:\MeshMend\src\meshmend_ai\3dsculpter\model_service\main.py", line 585, in _run_task
    raise RuntimeError(worker_error or f"model command exited {completed.returncode}")
RuntimeError: No-API local external output failed store-quality mesh checks: large_smooth_primitive_surfaces_dominate:0.77>0.68
2026-07-07 08:32:38,630 ERROR meshmend_backend {"event": "task_failed", "task_id": "ed92d8f50855460fbb753e4e4398e709", "error": "No-API local external output failed store-quality mesh checks: large_smooth_primitive_surfaces_dominate:0.77>0.68", "traceback": "Traceback (most recent call last):\n  File \"D:\\MeshMend\\src\\meshmend_ai\\3dsculpter\\model_service\\main.py\", line 585, in _run_task\n    raise RuntimeError(worker_error or f\"model command exited {completed.returncode}\")\nRuntimeError: No-API local external output failed store-quality mesh checks: large_smooth_primitive_surfaces_dominate:0.77>0.68\n"}
2026-07-07 08:34:16,760 INFO meshmend_backend {"event": "task_started", "task_id": "39b566ede37c471599ac03eadbef7c2b", "workflow": "text_to_3d", "prompt_preview": "space marine post relief fused detail armor trim rivets helmet vents weapon bevels 20260707_083416"}
2026-07-07 08:36:33,912 ERROR meshmend_backend task_failed_before_optional_fallback
Traceback (most recent call last):
  File "D:\MeshMend\src\meshmend_ai\3dsculpter\model_service\main.py", line 585, in _run_task
    raise RuntimeError(worker_error or f"model command exited {completed.returncode}")
RuntimeError: No-API local external output failed store-quality mesh checks: large_smooth_primitive_surfaces_dominate:0.77>0.68
2026-07-07 08:36:34,090 ERROR meshmend_backend {"event": "task_failed", "task_id": "39b566ede37c471599ac03eadbef7c2b", "error": "No-API local external output failed store-quality mesh checks: large_smooth_primitive_surfaces_dominate:0.77>0.68", "traceback": "Traceback (most recent call last):\n  File \"D:\\MeshMend\\src\\meshmend_ai\\3dsculpter\\model_service\\main.py\", line 585, in _run_task\n    raise RuntimeError(worker_error or f\"model command exited {completed.returncode}\")\nRuntimeError: No-API local external output failed store-quality mesh checks: large_smooth_primitive_surfaces_dominate:0.77>0.68\n"}
2026-07-07 08:38:00,837 INFO meshmend_backend {"event": "task_started", "task_id": "9b4c7b9aae74453fb9ee5a54e6baafdf", "workflow": "text_to_3d", "prompt_preview": "space marine final verification fused crisp detail armor trim rivets helmet vents weapon bevels 20260707_083800"}
2026-07-07 08:40:21,014 INFO meshmend_backend {"event": "task_succeeded", "task_id": "9b4c7b9aae74453fb9ee5a54e6baafdf", "model_urls": {"stl": "http://127.0.0.1:8090/v1/files/9b4c7b9aae74453fb9ee5a54e6baafdf_meshmend_native_sculpt.stl"}}
2026-07-07 08:41:53,833 INFO meshmend_backend {"event": "task_started", "task_id": "cb59fc835c6f4ac6b7e75d53dc106f52", "workflow": "text_to_3d", "prompt_preview": "a space marine\n\nCreate a production/studio-quality 32mm resin-printable tabletop miniature. This must be final sculpt geometry, not a primitive blockout: crisp "}
2026-07-07 08:48:15,215 ERROR meshmend_backend task_failed_before_optional_fallback
Traceback (most recent call last):
  File "D:\MeshMend\src\meshmend_ai\3dsculpter\model_service\main.py", line 585, in _run_task
    raise RuntimeError(worker_error or f"model command exited {completed.returncode}")
RuntimeError: No-API local external output failed store-quality mesh checks: faces_below_target:313446<447750
2026-07-07 08:48:15,500 ERROR meshmend_backend {"event": "task_failed", "task_id": "cb59fc835c6f4ac6b7e75d53dc106f52", "error": "No-API local external output failed store-quality mesh checks: faces_below_target:313446<447750", "traceback": "Traceback (most recent call last):\n  File \"D:\\MeshMend\\src\\meshmend_ai\\3dsculpter\\model_service\\main.py\", line 585, in _run_task\n    raise RuntimeError(worker_error or f\"model command exited {completed.returncode}\")\nRuntimeError: No-API local external output failed store-quality mesh checks: faces_below_target:313446<447750\n"}
2026-07-07 08:53:47,393 INFO meshmend_backend {"event": "diagnostics_requested", "status": "ok"}
2026-07-07 08:55:08,138 INFO meshmend_backend {"event": "task_started", "task_id": "57bea05507fa42199b0893cdd8708c4f", "workflow": "text_to_3d", "prompt_preview": "a space marine backend fix verification studio level crisp details armor trim rivets helmet vents weapon bevels 20260707_085507"}
2026-07-07 08:58:13,386 INFO meshmend_backend {"event": "task_succeeded", "task_id": "57bea05507fa42199b0893cdd8708c4f", "model_urls": {"stl": "http://127.0.0.1:8090/v1/files/57bea05507fa42199b0893cdd8708c4f_meshmend_native_sculpt.stl"}}
2026-07-07 09:15:35,531 INFO meshmend_backend {"event": "task_started", "task_id": "24c8d946f2194332988004b5de381d1e", "workflow": "text_to_3d", "prompt_preview": "a space marine\n\nCreate a production/studio-quality 32mm resin-printable tabletop miniature. This must be final sculpt geometry, not a primitive blockout: crisp "}
2026-07-07 09:23:18,064 INFO meshmend_backend {"event": "task_succeeded", "task_id": "24c8d946f2194332988004b5de381d1e", "model_urls": {"stl": "http://127.0.0.1:8090/v1/files/24c8d946f2194332988004b5de381d1e_meshmend_native_sculpt.stl"}}
2026-07-07 09:23:21,304 INFO meshmend_backend {"event": "download_cleanup_complete", "filename": "24c8d946f2194332988004b5de381d1e_meshmend_native_sculpt.stl", "removed": {"files": ["D:\\MeshMend\\src\\meshmend_ai\\3dsculpter\\model_service\\outputs\\24c8d946f2194332988004b5de381d1e_meshmend_native_sculpt.stl"], "dirs": ["D:\\MeshMend\\src\\meshmend_ai\\3dsculpter\\model_service\\outputs\\24c8d946f2194332988004b5de381d1e", "D:\\MeshMend\\src\\meshmend_ai\\3dsculpter\\model_service\\tasks\\24c8d946f2194332988004b5de381d1e"]}}
2026-07-07 09:23:21,527 INFO meshmend_backend {"event": "task_artifacts_cleanup_requested", "task_id": "24c8d946f2194332988004b5de381d1e", "removed": {"files": [], "dirs": []}}
2026-07-07 09:36:44,339 INFO meshmend_backend {"event": "task_started", "task_id": "38cb679910884c14bde64275678189f7", "workflow": "text_to_3d", "prompt_preview": "a space marine final non generic sculpt verification visible helmet grille chest emblem pauldrons weapon barrel fingers reactor backpack 20260707_093644"}
2026-07-07 09:40:09,076 INFO meshmend_backend {"event": "task_succeeded", "task_id": "38cb679910884c14bde64275678189f7", "model_urls": {"stl": "http://127.0.0.1:8090/v1/files/38cb679910884c14bde64275678189f7_meshmend_native_sculpt.stl"}}
2026-07-07 09:41:27,305 INFO meshmend_backend {"event": "task_started", "task_id": "4dcff064915040808321ba401b0fefeb", "workflow": "text_to_3d", "prompt_preview": "a space marine required landmark verification helmet lenses grille chest emblem pauldrons weapon bevel fingers reactor backpack 20260707_094127"}
2026-07-07 09:44:54,599 INFO meshmend_backend {"event": "task_succeeded", "task_id": "4dcff064915040808321ba401b0fefeb", "model_urls": {"stl": "http://127.0.0.1:8090/v1/files/4dcff064915040808321ba401b0fefeb_meshmend_native_sculpt.stl"}}
2026-07-07 09:46:34,800 INFO meshmend_backend {"event": "diagnostics_requested", "status": "ok"}
2026-07-07 09:56:08,493 INFO meshmend_backend {"event": "task_started", "task_id": "447ffab16f5147b58eb921ad0a635ec6", "workflow": "text_to_3d", "prompt_preview": "a space marine Hunyuan primary routing verification studio quality crisp armor lenses grille chest emblem weapon bevels reactor backpack 20260707_route_fix"}
2026-07-07 10:00:19,802 INFO meshmend_backend {"event": "task_started", "task_id": "5d6c863efd9b4aa8916f95670d36d9b0", "workflow": "text_to_3d", "prompt_preview": "a space marine\n\nCreate a production/studio-quality 32mm resin-printable tabletop miniature. This must be final sculpt geometry, not a primitive blockout: crisp "}
2026-07-07 10:11:08,446 ERROR meshmend_backend task_failed_before_optional_fallback
Traceback (most recent call last):
  File "D:\MeshMend\src\meshmend_ai\3dsculpter\model_service\main.py", line 585, in _run_task
    raise RuntimeError(worker_error or f"model command exited {completed.returncode}")
RuntimeError: Raw AI mesh has 950612 faces, above memory-safe postprocess limit 900000. Skipping repair to avoid exhausting RAM; use modular fallback or raise MESHMEND_MAX_RAW_POSTPROCESS_FACES on a workstation.
2026-07-07 10:11:08,682 ERROR meshmend_backend {"event": "task_failed", "task_id": "447ffab16f5147b58eb921ad0a635ec6", "error": "Raw AI mesh has 950612 faces, above memory-safe postprocess limit 900000. Skipping repair to avoid exhausting RAM; use modular fallback or raise MESHMEND_MAX_RAW_POSTPROCESS_FACES on a workstation.", "traceback": "Traceback (most recent call last):\n  File \"D:\\MeshMend\\src\\meshmend_ai\\3dsculpter\\model_service\\main.py\", line 585, in _run_task\n    raise RuntimeError(worker_error or f\"model command exited {completed.returncode}\")\nRuntimeError: Raw AI mesh has 950612 faces, above memory-safe postprocess limit 900000. Skipping repair to avoid exhausting RAM; use modular fallback or raise MESHMEND_MAX_RAW_POSTPROCESS_FACES on a workstation.\n"}
2026-07-07 10:14:08,577 ERROR meshmend_backend task_failed_before_optional_fallback
Traceback (most recent call last):
  File "D:\MeshMend\src\meshmend_ai\3dsculpter\model_service\main.py", line 585, in _run_task
    raise RuntimeError(worker_error or f"model command exited {completed.returncode}")
RuntimeError: Raw AI mesh has 1027576 faces, above memory-safe postprocess limit 900000. Skipping repair to avoid exhausting RAM; use modular fallback or raise MESHMEND_MAX_RAW_POSTPROCESS_FACES on a workstation.
2026-07-07 10:14:08,811 ERROR meshmend_backend {"event": "task_failed", "task_id": "5d6c863efd9b4aa8916f95670d36d9b0", "error": "Raw AI mesh has 1027576 faces, above memory-safe postprocess limit 900000. Skipping repair to avoid exhausting RAM; use modular fallback or raise MESHMEND_MAX_RAW_POSTPROCESS_FACES on a workstation.", "traceback": "Traceback (most recent call last):\n  File \"D:\\MeshMend\\src\\meshmend_ai\\3dsculpter\\model_service\\main.py\", line 585, in _run_task\n    raise RuntimeError(worker_error or f\"model command exited {completed.returncode}\")\nRuntimeError: Raw AI mesh has 1027576 faces, above memory-safe postprocess limit 900000. Skipping repair to avoid exhausting RAM; use modular fallback or raise MESHMEND_MAX_RAW_POSTPROCESS_FACES on a workstation.\n"}
2026-07-07 10:34:45,750 INFO meshmend_backend {"event": "task_started", "task_id": "b5fe5d4c31a64272a5677d978cc7603c", "workflow": "text_to_3d", "prompt_preview": "a space marine Hunyuan primary raw face cap verification studio quality crisp armor lenses grille chest emblem weapon bevels reactor backpack 20260707_rawcap_fi"}
2026-07-07 10:46:26,578 ERROR meshmend_backend task_failed_before_optional_fallback
Traceback (most recent call last):
  File "D:\MeshMend\src\meshmend_ai\3dsculpter\model_service\main.py", line 585, in _run_task
    raise RuntimeError(worker_error or f"model command exited {completed.returncode}")
RuntimeError: Raw AI mesh has 1981348 faces, above memory-safe postprocess limit 1400000. Skipping repair to avoid exhausting RAM; lower Hunyuan octree/face settings or raise MESHMEND_MAX_RAW_POSTPROCESS_FACES on a workstation.
2026-07-07 10:46:26,847 ERROR meshmend_backend {"event": "task_failed", "task_id": "b5fe5d4c31a64272a5677d978cc7603c", "error": "Raw AI mesh has 1981348 faces, above memory-safe postprocess limit 1400000. Skipping repair to avoid exhausting RAM; lower Hunyuan octree/face settings or raise MESHMEND_MAX_RAW_POSTPROCESS_FACES on a workstation.", "traceback": "Traceback (most recent call last):\n  File \"D:\\MeshMend\\src\\meshmend_ai\\3dsculpter\\model_service\\main.py\", line 585, in _run_task\n    raise RuntimeError(worker_error or f\"model command exited {completed.returncode}\")\nRuntimeError: Raw AI mesh has 1981348 faces, above memory-safe postprocess limit 1400000. Skipping repair to avoid exhausting RAM; lower Hunyuan octree/face settings or raise MESHMEND_MAX_RAW_POSTPROCESS_FACES on a workstation.\n"}
2026-07-07 12:40:23,664 INFO meshmend_backend {"event": "task_started", "task_id": "e28202c070494d249d3c11f51327230b", "workflow": "text_to_3d", "prompt_preview": "A SPACE MARINE\n\nCreate a production/studio-quality 32mm resin-printable tabletop miniature. This must be final sculpt geometry, not a primitive blockout: crisp "}
2026-07-07 12:56:13,673 ERROR meshmend_backend task_failed_before_optional_fallback
Traceback (most recent call last):
  File "D:\MeshMend\src\meshmend_ai\3dsculpter\model_service\main.py", line 585, in _run_task
    raise RuntimeError(worker_error or f"model command exited {completed.returncode}")
RuntimeError: Generated STL did not meet store-quality gate: likely_horizontal_square_sheet_or_card; diagnostics={"workflow": "image_to_3d", "faces": 392184, "vertices": 196060, "detail_faces_target": 300000, "extents_mm": [23.389694671969387, 23.38987814212429, 32.0], "watertight": true, "winding_consistent": true, "components": 1, "boundary_edges": 0, "nonmanifold_edges": 0, "euler_number": -32, "visual_hole_genus": 17, "volume": 1262.4145191948585, "area": 2441.305205877638, "metadata": {"processed": true, "meshmend_image_visual_hole_pitch_mm": 0.24, "meshmend_image_visual_hole_close_iterations": 2, "meshmend_background_slab_removed": true, "meshmend_image_components_preserved": 4, "meshmend_height_axis_reoriented_to_z": 1, "units": "mm", "meshmend_scale_mm": 32.0, "meshmend_scale_axis": "z_height", "meshmend_rear_volume_completed": true, "meshmend_connected_sheet_removed": true, "meshmend_surface_denoised": true, "meshmend_sculpt_relief_detail": true, "meshmend_image_guided_detail": true, "meshmend_geometry_upscale": true, "meshmend_custom_miniature_detail_pipeline": true, "meshmend_ai_definition_layer": true, "meshmend_ai_definition_asset": "latest_neural_model.pt:fingerprint", "meshmend_ai_definition_neural_checkpoint": "latest_neural_model.pt", "meshmend_intricate_detail_pipeline": true, "meshmend_artifact_components_removed": 14, "meshmend_voxel_solidified": true, "meshmend_pre_solidify_boundary_edges": 24, "meshmend_added_round_base": true, "meshmend_component_bridges_added": 12, "meshmend_image_visual_holes_sealed": true, "meshmend_pre_seal_genus": 51, "meshmend_image_store_density_restored": true, "meshmend_final_surface_polished": true}, "issues": ["likely_horizontal_square_sheet_or_card"]}
2026-07-07 12:56:13,912 ERROR meshmend_backend {"event": "task_failed", "task_id": "e28202c070494d249d3c11f51327230b", "error": "Generated STL did not meet store-quality gate: likely_horizontal_square_sheet_or_card; diagnostics={\"workflow\": \"image_to_3d\", \"faces\": 392184, \"vertices\": 196060, \"detail_faces_target\": 300000, \"extents_mm\": [23.389694671969387, 23.38987814212429, 32.0], \"watertight\": true, \"winding_consistent\": true, \"components\": 1, \"boundary_edges\": 0, \"nonmanifold_edges\": 0, \"euler_number\": -32, \"visual_hole_genus\": 17, \"volume\": 1262.4145191948585, \"area\": 2441.305205877638, \"metadata\": {\"processed\": true, \"meshmend_image_visual_hole_pitch_mm\": 0.24, \"meshmend_image_visual_hole_close_iterations\": 2, \"meshmend_background_slab_removed\": true, \"meshmend_image_components_preserved\": 4, \"meshmend_height_axis_reoriented_to_z\": 1, \"units\": \"mm\", \"meshmend_scale_mm\": 32.0, \"meshmend_scale_axis\": \"z_height\", \"meshmend_rear_volume_completed\": true, \"meshmend_connected_sheet_removed\": true, \"meshmend_surface_denoised\": true, \"meshmend_sculpt_relief_detail\": true, \"meshmend_image_guided_detail\": true, \"meshmend_geometry_upscale\": true, \"meshmend_custom_miniature_detail_pipeline\": true, \"meshmend_ai_definition_layer\": true, \"meshmend_ai_definition_asset\": \"latest_neural_model.pt:fingerprint\", \"meshmend_ai_definition_neural_checkpoint\": \"latest_neural_model.pt\", \"meshmend_intricate_detail_pipeline\": true, \"meshmend_artifact_components_removed\": 14, \"meshmend_voxel_solidified\": true, \"meshmend_pre_solidify_boundary_edges\": 24, \"meshmend_added_round_base\": true, \"meshmend_component_bridges_added\": 12, \"meshmend_image_visual_holes_sealed\": true, \"meshmend_pre_seal_genus\": 51, \"meshmend_image_store_density_restored\": true, \"meshmend_final_surface_polished\": true}, \"issues\": [\"likely_horizontal_square_sheet_or_card\"]}", "traceback": "Traceback (most recent call last):\n  File \"D:\\MeshMend\\src\\meshmend_ai\\3dsculpter\\model_service\\main.py\", line 585, in _run_task\n    raise RuntimeError(worker_error or f\"model command exited {completed.returncode}\")\nRuntimeError: Generated STL did not meet store-quality gate: likely_horizontal_square_sheet_or_card; diagnostics={\"workflow\": \"image_to_3d\", \"faces\": 392184, \"vertices\": 196060, \"detail_faces_target\": 300000, \"extents_mm\": [23.389694671969387, 23.38987814212429, 32.0], \"watertight\": true, \"winding_consistent\": true, \"components\": 1, \"boundary_edges\": 0, \"nonmanifold_edges\": 0, \"euler_number\": -32, \"visual_hole_genus\": 17, \"volume\": 1262.4145191948585, \"area\": 2441.305205877638, \"metadata\": {\"processed\": true, \"meshmend_image_visual_hole_pitch_mm\": 0.24, \"meshmend_image_visual_hole_close_iterations\": 2, \"meshmend_background_slab_removed\": true, \"meshmend_image_components_preserved\": 4, \"meshmend_height_axis_reoriented_to_z\": 1, \"units\": \"mm\", \"meshmend_scale_mm\": 32.0, \"meshmend_scale_axis\": \"z_height\", \"meshmend_rear_volume_completed\": true, \"meshmend_connected_sheet_removed\": true, \"meshmend_surface_denoised\": true, \"meshmend_sculpt_relief_detail\": true, \"meshmend_image_guided_detail\": true, \"meshmend_geometry_upscale\": true, \"meshmend_custom_miniature_detail_pipeline\": true, \"meshmend_ai_definition_layer\": true, \"meshmend_ai_definition_asset\": \"latest_neural_model.pt:fingerprint\", \"meshmend_ai_definition_neural_checkpoint\": \"latest_neural_model.pt\", \"meshmend_intricate_detail_pipeline\": true, \"meshmend_artifact_components_removed\": 14, \"meshmend_voxel_solidified\": true, \"meshmend_pre_solidify_boundary_edges\": 24, \"meshmend_added_round_base\": true, \"meshmend_component_bridges_added\": 12, \"meshmend_image_visual_holes_sealed\": true, \"meshmend_pre_seal_genus\": 51, \"meshmend_image_store_density_restored\": true, \"meshmend_final_surface_polished\": true}, \"issues\": [\"likely_horizontal_square_sheet_or_card\"]}\n"}
2026-07-07 13:04:53,727 INFO meshmend_backend {"event": "task_started", "task_id": "b744f369948c46829f9c6fcbc9684484", "workflow": "text_to_3d", "prompt_preview": "a space marine workflow boundary verification Hunyuan text concept studio quality crisp armor lenses grille chest emblem weapon bevels reactor backpack 20260707"}
2026-07-07 13:13:54,309 ERROR meshmend_backend task_failed_before_optional_fallback
Traceback (most recent call last):
  File "D:\MeshMend\src\meshmend_ai\3dsculpter\model_service\main.py", line 585, in _run_task
    raise RuntimeError(worker_error or f"model command exited {completed.returncode}")
RuntimeError: Generated STL did not meet store-quality gate: below_store_face_target_122948_of_300000; image_visual_holes_unsealed_genus_90_max_24; likely_blocky_low_definition; diagnostics={"workflow": "text_to_3d", "faces": 122948, "vertices": 61298, "detail_faces_target": 300000, "extents_mm": [29.216692358056058, 29.216692358056058, 32.0], "watertight": true, "winding_consistent": true, "components": 2, "boundary_edges": 0, "nonmanifold_edges": 0, "euler_number": -176, "visual_hole_genus": 90, "volume": 2429.4259313641264, "area": 4132.165085655256, "metadata": {"processed": true, "meshmend_hunyuan_text_concept": true, "meshmend_connected_dual_subject_cropped": true, "meshmend_height_axis_reoriented_to_z": 1, "units": "mm", "meshmend_scale_mm": 32.0, "meshmend_scale_axis": "z_height", "meshmend_connected_sheet_removed": true, "meshmend_surface_denoised": true, "meshmend_sculpt_relief_detail": true, "meshmend_image_guided_detail": true, "meshmend_geometry_upscale": true, "meshmend_custom_miniature_detail_pipeline": true, "meshmend_ai_definition_layer": true, "meshmend_ai_definition_asset": "latest_neural_model.pt:fingerprint", "meshmend_ai_definition_neural_checkpoint": "latest_neural_model.pt", "meshmend_intricate_detail_pipeline": true, "meshmend_artifact_components_removed": 6, "meshmend_background_slab_removed": true, "meshmend_voxel_solidified": true, "meshmend_pre_solidify_boundary_edges": 0, "meshmend_added_round_base": true, "meshmend_image_store_density_restored": true, "meshmend_final_surface_polished": true, "meshmend_final_store_density_enforced": true}, "issues": ["below_store_face_target_122948_of_300000", "image_visual_holes_unsealed_genus_90_max_24", "likely_blocky_low_definition"]}
2026-07-07 13:13:54,539 ERROR meshmend_backend {"event": "task_failed", "task_id": "b744f369948c46829f9c6fcbc9684484", "error": "Generated STL did not meet store-quality gate: below_store_face_target_122948_of_300000; image_visual_holes_unsealed_genus_90_max_24; likely_blocky_low_definition; diagnostics={\"workflow\": \"text_to_3d\", \"faces\": 122948, \"vertices\": 61298, \"detail_faces_target\": 300000, \"extents_mm\": [29.216692358056058, 29.216692358056058, 32.0], \"watertight\": true, \"winding_consistent\": true, \"components\": 2, \"boundary_edges\": 0, \"nonmanifold_edges\": 0, \"euler_number\": -176, \"visual_hole_genus\": 90, \"volume\": 2429.4259313641264, \"area\": 4132.165085655256, \"metadata\": {\"processed\": true, \"meshmend_hunyuan_text_concept\": true, \"meshmend_connected_dual_subject_cropped\": true, \"meshmend_height_axis_reoriented_to_z\": 1, \"units\": \"mm\", \"meshmend_scale_mm\": 32.0, \"meshmend_scale_axis\": \"z_height\", \"meshmend_connected_sheet_removed\": true, \"meshmend_surface_denoised\": true, \"meshmend_sculpt_relief_detail\": true, \"meshmend_image_guided_detail\": true, \"meshmend_geometry_upscale\": true, \"meshmend_custom_miniature_detail_pipeline\": true, \"meshmend_ai_definition_layer\": true, \"meshmend_ai_definition_asset\": \"latest_neural_model.pt:fingerprint\", \"meshmend_ai_definition_neural_checkpoint\": \"latest_neural_model.pt\", \"meshmend_intricate_detail_pipeline\": true, \"meshmend_artifact_components_removed\": 6, \"meshmend_background_slab_removed\": true, \"meshmend_voxel_solidified\": true, \"meshmend_pre_solidify_boundary_edges\": 0, \"meshmend_added_round_base\": true, \"meshmend_image_store_density_restored\": true, \"meshmend_final_surface_polished\": true, \"meshmend_final_store_density_enforced\": true}, \"issues\": [\"below_store_face_target_122948_of_300000\", \"image_visual_holes_unsealed_genus_90_max_24\", \"likely_blocky_low_definition\"]}", "traceback": "Traceback (most recent call last):\n  File \"D:\\MeshMend\\src\\meshmend_ai\\3dsculpter\\model_service\\main.py\", line 585, in _run_task\n    raise RuntimeError(worker_error or f\"model command exited {completed.returncode}\")\nRuntimeError: Generated STL did not meet store-quality gate: below_store_face_target_122948_of_300000; image_visual_holes_unsealed_genus_90_max_24; likely_blocky_low_definition; diagnostics={\"workflow\": \"text_to_3d\", \"faces\": 122948, \"vertices\": 61298, \"detail_faces_target\": 300000, \"extents_mm\": [29.216692358056058, 29.216692358056058, 32.0], \"watertight\": true, \"winding_consistent\": true, \"components\": 2, \"boundary_edges\": 0, \"nonmanifold_edges\": 0, \"euler_number\": -176, \"visual_hole_genus\": 90, \"volume\": 2429.4259313641264, \"area\": 4132.165085655256, \"metadata\": {\"processed\": true, \"meshmend_hunyuan_text_concept\": true, \"meshmend_connected_dual_subject_cropped\": true, \"meshmend_height_axis_reoriented_to_z\": 1, \"units\": \"mm\", \"meshmend_scale_mm\": 32.0, \"meshmend_scale_axis\": \"z_height\", \"meshmend_connected_sheet_removed\": true, \"meshmend_surface_denoised\": true, \"meshmend_sculpt_relief_detail\": true, \"meshmend_image_guided_detail\": true, \"meshmend_geometry_upscale\": true, \"meshmend_custom_miniature_detail_pipeline\": true, \"meshmend_ai_definition_layer\": true, \"meshmend_ai_definition_asset\": \"latest_neural_model.pt:fingerprint\", \"meshmend_ai_definition_neural_checkpoint\": \"latest_neural_model.pt\", \"meshmend_intricate_detail_pipeline\": true, \"meshmend_artifact_components_removed\": 6, \"meshmend_background_slab_removed\": true, \"meshmend_voxel_solidified\": true, \"meshmend_pre_solidify_boundary_edges\": 0, \"meshmend_added_round_base\": true, \"meshmend_image_store_density_restored\": true, \"meshmend_final_surface_polished\": true, \"meshmend_final_store_density_enforced\": true}, \"issues\": [\"below_store_face_target_122948_of_300000\", \"image_visual_holes_unsealed_genus_90_max_24\", \"likely_blocky_low_definition\"]}\n"}
2026-07-07 13:52:17,007 INFO meshmend_backend {"event": "task_started", "task_id": "19907805ebf847758244680ec02bcf57", "workflow": "text_to_3d", "prompt_preview": "a space marine\n\nCreate a production/studio-quality 32mm resin-printable tabletop miniature. This must be final sculpt geometry, not a primitive blockout: crisp "}
2026-07-07 14:02:15,829 ERROR meshmend_backend task_failed_before_optional_fallback
Traceback (most recent call last):
  File "D:\MeshMend\src\meshmend_ai\3dsculpter\model_service\main.py", line 585, in _run_task
    raise RuntimeError(worker_error or f"model command exited {completed.returncode}")
RuntimeError: Generated STL did not meet store-quality gate: below_store_face_target_203032_of_300000; image_visual_holes_unsealed_genus_198_max_24; diagnostics={"workflow": "text_to_3d", "faces": 203032, "vertices": 101122, "detail_faces_target": 300000, "extents_mm": [30.32982447253, 30.32982447253, 32.0], "watertight": true, "winding_consistent": true, "components": 1, "boundary_edges": 0, "nonmanifold_edges": 0, "euler_number": -394, "visual_hole_genus": 198, "volume": 3285.9258715932324, "area": 6196.8324879121565, "metadata": {"processed": true, "meshmend_hunyuan_text_concept": true, "meshmend_connected_sheet_removed": true, "meshmend_height_axis_reoriented_to_z": 0, "units": "mm", "meshmend_scale_mm": 32.0, "meshmend_scale_axis": "z_height", "meshmend_surface_denoised": true, "meshmend_sculpt_relief_detail": true, "meshmend_image_guided_detail": true, "meshmend_geometry_upscale": true, "meshmend_custom_miniature_detail_pipeline": true, "meshmend_ai_definition_layer": true, "meshmend_ai_definition_asset": "latest_neural_model.pt:fingerprint", "meshmend_ai_definition_neural_checkpoint": "latest_neural_model.pt", "meshmend_intricate_detail_pipeline": true, "meshmend_artifact_components_removed": 11, "meshmend_voxel_solidified": true, "meshmend_pre_solidify_boundary_edges": 0, "meshmend_added_round_base": true, "meshmend_image_store_density_restored": true, "meshmend_final_surface_polished": true, "meshmend_final_store_density_enforced": true}, "issues": ["below_store_face_target_203032_of_300000", "image_visual_holes_unsealed_genus_198_max_24"]}
2026-07-07 14:02:16,071 ERROR meshmend_backend {"event": "task_failed", "task_id": "19907805ebf847758244680ec02bcf57", "error": "Generated STL did not meet store-quality gate: below_store_face_target_203032_of_300000; image_visual_holes_unsealed_genus_198_max_24; diagnostics={\"workflow\": \"text_to_3d\", \"faces\": 203032, \"vertices\": 101122, \"detail_faces_target\": 300000, \"extents_mm\": [30.32982447253, 30.32982447253, 32.0], \"watertight\": true, \"winding_consistent\": true, \"components\": 1, \"boundary_edges\": 0, \"nonmanifold_edges\": 0, \"euler_number\": -394, \"visual_hole_genus\": 198, \"volume\": 3285.9258715932324, \"area\": 6196.8324879121565, \"metadata\": {\"processed\": true, \"meshmend_hunyuan_text_concept\": true, \"meshmend_connected_sheet_removed\": true, \"meshmend_height_axis_reoriented_to_z\": 0, \"units\": \"mm\", \"meshmend_scale_mm\": 32.0, \"meshmend_scale_axis\": \"z_height\", \"meshmend_surface_denoised\": true, \"meshmend_sculpt_relief_detail\": true, \"meshmend_image_guided_detail\": true, \"meshmend_geometry_upscale\": true, \"meshmend_custom_miniature_detail_pipeline\": true, \"meshmend_ai_definition_layer\": true, \"meshmend_ai_definition_asset\": \"latest_neural_model.pt:fingerprint\", \"meshmend_ai_definition_neural_checkpoint\": \"latest_neural_model.pt\", \"meshmend_intricate_detail_pipeline\": true, \"meshmend_artifact_components_removed\": 11, \"meshmend_voxel_solidified\": true, \"meshmend_pre_solidify_boundary_edges\": 0, \"meshmend_added_round_base\": true, \"meshmend_image_store_density_restored\": true, \"meshmend_final_surface_polished\": true, \"meshmend_final_store_density_enforced\": true}, \"issues\": [\"below_store_face_target_203032_of_300000\", \"image_visual_holes_unsealed_genus_198_max_24\"]}", "traceback": "Traceback (most recent call last):\n  File \"D:\\MeshMend\\src\\meshmend_ai\\3dsculpter\\model_service\\main.py\", line 585, in _run_task\n    raise RuntimeError(worker_error or f\"model command exited {completed.returncode}\")\nRuntimeError: Generated STL did not meet store-quality gate: below_store_face_target_203032_of_300000; image_visual_holes_unsealed_genus_198_max_24; diagnostics={\"workflow\": \"text_to_3d\", \"faces\": 203032, \"vertices\": 101122, \"detail_faces_target\": 300000, \"extents_mm\": [30.32982447253, 30.32982447253, 32.0], \"watertight\": true, \"winding_consistent\": true, \"components\": 1, \"boundary_edges\": 0, \"nonmanifold_edges\": 0, \"euler_number\": -394, \"visual_hole_genus\": 198, \"volume\": 3285.9258715932324, \"area\": 6196.8324879121565, \"metadata\": {\"processed\": true, \"meshmend_hunyuan_text_concept\": true, \"meshmend_connected_sheet_removed\": true, \"meshmend_height_axis_reoriented_to_z\": 0, \"units\": \"mm\", \"meshmend_scale_mm\": 32.0, \"meshmend_scale_axis\": \"z_height\", \"meshmend_surface_denoised\": true, \"meshmend_sculpt_relief_detail\": true, \"meshmend_image_guided_detail\": true, \"meshmend_geometry_upscale\": true, \"meshmend_custom_miniature_detail_pipeline\": true, \"meshmend_ai_definition_layer\": true, \"meshmend_ai_definition_asset\": \"latest_neural_model.pt:fingerprint\", \"meshmend_ai_definition_neural_checkpoint\": \"latest_neural_model.pt\", \"meshmend_intricate_detail_pipeline\": true, \"meshmend_artifact_components_removed\": 11, \"meshmend_voxel_solidified\": true, \"meshmend_pre_solidify_boundary_edges\": 0, \"meshmend_added_round_base\": true, \"meshmend_image_store_density_restored\": true, \"meshmend_final_surface_polished\": true, \"meshmend_final_store_density_enforced\": true}, \"issues\": [\"below_store_face_target_203032_of_300000\", \"image_visual_holes_unsealed_genus_198_max_24\"]}\n"}
2026-07-07 14:04:25,721 INFO meshmend_backend {"event": "task_started", "task_id": "104022abc5a2406a9f531a3ad2a46eb7", "workflow": "text_to_3d", "prompt_preview": "a space marine backend gate verification Hunyuan text concept studio quality crisp armor lenses grille chest emblem weapon bevels reactor backpack 20260707_dens"}
2026-07-07 14:16:47,728 ERROR meshmend_backend task_failed_before_optional_fallback
Traceback (most recent call last):
  File "D:\MeshMend\src\meshmend_ai\3dsculpter\model_service\main.py", line 585, in _run_task
    raise RuntimeError(worker_error or f"model command exited {completed.returncode}")
RuntimeError: Generated STL did not meet store-quality gate: likely_horizontal_square_sheet_or_card; too_many_disconnected_components_23_max_6; heavy_artifact_salvage_visual_holes_580_max_24; diagnostics={"workflow": "text_to_3d", "faces": 401640, "vertices": 200844, "detail_faces_target": 300000, "extents_mm": [23.114833522447192, 23.114833522447192, 32.0], "watertight": true, "winding_consistent": true, "components": 23, "boundary_edges": 0, "nonmanifold_edges": 0, "euler_number": 24, "visual_hole_genus": 11, "volume": 1570.4677910197106, "area": 2536.8836300394305, "metadata": {"processed": true, "meshmend_image_visual_hole_pitch_mm": 0.24, "meshmend_image_visual_hole_close_iterations": 4, "meshmend_hunyuan_text_concept": true, "meshmend_connected_sheet_removed": true, "meshmend_height_axis_reoriented_to_z": 1, "units": "mm", "meshmend_scale_mm": 32.0, "meshmend_scale_axis": "z_height", "meshmend_rear_volume_completed": true, "meshmend_surface_denoised": true, "meshmend_sculpt_relief_detail": true, "meshmend_image_guided_detail": true, "meshmend_geometry_upscale": true, "meshmend_custom_miniature_detail_pipeline": true, "meshmend_ai_definition_layer": true, "meshmend_ai_definition_asset": "latest_neural_model.pt:fingerprint", "meshmend_ai_definition_neural_checkpoint": "latest_neural_model.pt", "meshmend_intricate_detail_pipeline": true, "meshmend_artifact_components_removed": 68, "meshmend_voxel_solidified": true, "meshmend_pre_solidify_boundary_edges": 55593, "meshmend_added_round_base": true, "meshmend_image_visual_holes_sealed": true, "meshmend_pre_seal_genus": 580, "meshmend_image_store_density_restored": true, "meshmend_final_surface_polished": true}, "issues": ["likely_horizontal_square_sheet_or_card", "too_many_disconnected_components_23_max_6", "heavy_artifact_salvage_visual_holes_580_max_24"]}
2026-07-07 14:16:48,056 ERROR meshmend_backend {"event": "task_failed", "task_id": "104022abc5a2406a9f531a3ad2a46eb7", "error": "Generated STL did not meet store-quality gate: likely_horizontal_square_sheet_or_card; too_many_disconnected_components_23_max_6; heavy_artifact_salvage_visual_holes_580_max_24; diagnostics={\"workflow\": \"text_to_3d\", \"faces\": 401640, \"vertices\": 200844, \"detail_faces_target\": 300000, \"extents_mm\": [23.114833522447192, 23.114833522447192, 32.0], \"watertight\": true, \"winding_consistent\": true, \"components\": 23, \"boundary_edges\": 0, \"nonmanifold_edges\": 0, \"euler_number\": 24, \"visual_hole_genus\": 11, \"volume\": 1570.4677910197106, \"area\": 2536.8836300394305, \"metadata\": {\"processed\": true, \"meshmend_image_visual_hole_pitch_mm\": 0.24, \"meshmend_image_visual_hole_close_iterations\": 4, \"meshmend_hunyuan_text_concept\": true, \"meshmend_connected_sheet_removed\": true, \"meshmend_height_axis_reoriented_to_z\": 1, \"units\": \"mm\", \"meshmend_scale_mm\": 32.0, \"meshmend_scale_axis\": \"z_height\", \"meshmend_rear_volume_completed\": true, \"meshmend_surface_denoised\": true, \"meshmend_sculpt_relief_detail\": true, \"meshmend_image_guided_detail\": true, \"meshmend_geometry_upscale\": true, \"meshmend_custom_miniature_detail_pipeline\": true, \"meshmend_ai_definition_layer\": true, \"meshmend_ai_definition_asset\": \"latest_neural_model.pt:fingerprint\", \"meshmend_ai_definition_neural_checkpoint\": \"latest_neural_model.pt\", \"meshmend_intricate_detail_pipeline\": true, \"meshmend_artifact_components_removed\": 68, \"meshmend_voxel_solidified\": true, \"meshmend_pre_solidify_boundary_edges\": 55593, \"meshmend_added_round_base\": true, \"meshmend_image_visual_holes_sealed\": true, \"meshmend_pre_seal_genus\": 580, \"meshmend_image_store_density_restored\": true, \"meshmend_final_surface_polished\": true}, \"issues\": [\"likely_horizontal_square_sheet_or_card\", \"too_many_disconnected_components_23_max_6\", \"heavy_artifact_salvage_visual_holes_580_max_24\"]}", "traceback": "Traceback (most recent call last):\n  File \"D:\\MeshMend\\src\\meshmend_ai\\3dsculpter\\model_service\\main.py\", line 585, in _run_task\n    raise RuntimeError(worker_error or f\"model command exited {completed.returncode}\")\nRuntimeError: Generated STL did not meet store-quality gate: likely_horizontal_square_sheet_or_card; too_many_disconnected_components_23_max_6; heavy_artifact_salvage_visual_holes_580_max_24; diagnostics={\"workflow\": \"text_to_3d\", \"faces\": 401640, \"vertices\": 200844, \"detail_faces_target\": 300000, \"extents_mm\": [23.114833522447192, 23.114833522447192, 32.0], \"watertight\": true, \"winding_consistent\": true, \"components\": 23, \"boundary_edges\": 0, \"nonmanifold_edges\": 0, \"euler_number\": 24, \"visual_hole_genus\": 11, \"volume\": 1570.4677910197106, \"area\": 2536.8836300394305, \"metadata\": {\"processed\": true, \"meshmend_image_visual_hole_pitch_mm\": 0.24, \"meshmend_image_visual_hole_close_iterations\": 4, \"meshmend_hunyuan_text_concept\": true, \"meshmend_connected_sheet_removed\": true, \"meshmend_height_axis_reoriented_to_z\": 1, \"units\": \"mm\", \"meshmend_scale_mm\": 32.0, \"meshmend_scale_axis\": \"z_height\", \"meshmend_rear_volume_completed\": true, \"meshmend_surface_denoised\": true, \"meshmend_sculpt_relief_detail\": true, \"meshmend_image_guided_detail\": true, \"meshmend_geometry_upscale\": true, \"meshmend_custom_miniature_detail_pipeline\": true, \"meshmend_ai_definition_layer\": true, \"meshmend_ai_definition_asset\": \"latest_neural_model.pt:fingerprint\", \"meshmend_ai_definition_neural_checkpoint\": \"latest_neural_model.pt\", \"meshmend_intricate_detail_pipeline\": true, \"meshmend_artifact_components_removed\": 68, \"meshmend_voxel_solidified\": true, \"meshmend_pre_solidify_boundary_edges\": 55593, \"meshmend_added_round_base\": true, \"meshmend_image_visual_holes_sealed\": true, \"meshmend_pre_seal_genus\": 580, \"meshmend_image_store_density_restored\": true, \"meshmend_final_surface_polished\": true}, \"issues\": [\"likely_horizontal_square_sheet_or_card\", \"too_many_disconnected_components_23_max_6\", \"heavy_artifact_salvage_visual_holes_580_max_24\"]}\n"}
2026-07-07 14:24:04,898 INFO meshmend_backend {"event": "task_started", "task_id": "4a441b63600a468ba106cbfdf3993cb5", "workflow": "text_to_3d", "prompt_preview": "a space marine\n\nCreate a production/studio-quality 32mm resin-printable tabletop miniature. This must be final sculpt geometry, not a primitive blockout: crisp "}
2026-07-07 14:35:05,887 ERROR meshmend_backend task_failed_before_optional_fallback
Traceback (most recent call last):
  File "D:\MeshMend\src\meshmend_ai\3dsculpter\model_service\main.py", line 585, in _run_task
    raise RuntimeError(worker_error or f"model command exited {completed.returncode}")
RuntimeError: Generated STL did not meet store-quality gate: below_store_face_target_162560_of_300000; likely_horizontal_square_sheet_or_card; heavy_artifact_salvage_visual_holes_371_max_24; diagnostics={"workflow": "text_to_3d", "faces": 162560, "vertices": 81234, "detail_faces_target": 300000, "extents_mm": [22.807565564936784, 22.807565564936787, 32.0], "watertight": true, "winding_consistent": true, "components": 1, "boundary_edges": 0, "nonmanifold_edges": 0, "euler_number": -46, "visual_hole_genus": 24, "volume": 2588.6731441372795, "area": 3613.8817686451866, "metadata": {"processed": true, "meshmend_image_visual_hole_pitch_mm": 0.45, "meshmend_image_visual_hole_close_iterations": 3, "meshmend_hunyuan_text_concept": true, "meshmend_height_axis_reoriented_to_z": 1, "units": "mm", "meshmend_scale_mm": 32.0, "meshmend_scale_axis": "z_height", "meshmend_connected_sheet_removed": true, "meshmend_surface_denoised": true, "meshmend_sculpt_relief_detail": true, "meshmend_image_guided_detail": true, "meshmend_geometry_upscale": true, "meshmend_custom_miniature_detail_pipeline": true, "meshmend_ai_definition_layer": true, "meshmend_ai_definition_asset": "latest_neural_model.pt:fingerprint", "meshmend_ai_definition_neural_checkpoint": "latest_neural_model.pt", "meshmend_intricate_detail_pipeline": true, "meshmend_artifact_components_removed": 45, "meshmend_background_slab_removed": true, "meshmend_voxel_solidified": true, "meshmend_pre_solidify_boundary_edges": 43451, "meshmend_added_round_base": true, "meshmend_image_visual_holes_sealed": true, "meshmend_pre_seal_genus": 371, "meshmend_image_store_density_restored": true, "meshmend_final_surface_polished": true, "meshmend_final_store_density_enforced": true}, "issues": ["below_store_face_target_162560_of_300000", "likely_horizontal_square_sheet_or_card", "heavy_artifact_salvage_visual_holes_371_max_24"]}
2026-07-07 14:35:06,149 ERROR meshmend_backend {"event": "task_failed", "task_id": "4a441b63600a468ba106cbfdf3993cb5", "error": "Generated STL did not meet store-quality gate: below_store_face_target_162560_of_300000; likely_horizontal_square_sheet_or_card; heavy_artifact_salvage_visual_holes_371_max_24; diagnostics={\"workflow\": \"text_to_3d\", \"faces\": 162560, \"vertices\": 81234, \"detail_faces_target\": 300000, \"extents_mm\": [22.807565564936784, 22.807565564936787, 32.0], \"watertight\": true, \"winding_consistent\": true, \"components\": 1, \"boundary_edges\": 0, \"nonmanifold_edges\": 0, \"euler_number\": -46, \"visual_hole_genus\": 24, \"volume\": 2588.6731441372795, \"area\": 3613.8817686451866, \"metadata\": {\"processed\": true, \"meshmend_image_visual_hole_pitch_mm\": 0.45, \"meshmend_image_visual_hole_close_iterations\": 3, \"meshmend_hunyuan_text_concept\": true, \"meshmend_height_axis_reoriented_to_z\": 1, \"units\": \"mm\", \"meshmend_scale_mm\": 32.0, \"meshmend_scale_axis\": \"z_height\", \"meshmend_connected_sheet_removed\": true, \"meshmend_surface_denoised\": true, \"meshmend_sculpt_relief_detail\": true, \"meshmend_image_guided_detail\": true, \"meshmend_geometry_upscale\": true, \"meshmend_custom_miniature_detail_pipeline\": true, \"meshmend_ai_definition_layer\": true, \"meshmend_ai_definition_asset\": \"latest_neural_model.pt:fingerprint\", \"meshmend_ai_definition_neural_checkpoint\": \"latest_neural_model.pt\", \"meshmend_intricate_detail_pipeline\": true, \"meshmend_artifact_components_removed\": 45, \"meshmend_background_slab_removed\": true, \"meshmend_voxel_solidified\": true, \"meshmend_pre_solidify_boundary_edges\": 43451, \"meshmend_added_round_base\": true, \"meshmend_image_visual_holes_sealed\": true, \"meshmend_pre_seal_genus\": 371, \"meshmend_image_store_density_restored\": true, \"meshmend_final_surface_polished\": true, \"meshmend_final_store_density_enforced\": true}, \"issues\": [\"below_store_face_target_162560_of_300000\", \"likely_horizontal_square_sheet_or_card\", \"heavy_artifact_salvage_visual_holes_371_max_24\"]}", "traceback": "Traceback (most recent call last):\n  File \"D:\\MeshMend\\src\\meshmend_ai\\3dsculpter\\model_service\\main.py\", line 585, in _run_task\n    raise RuntimeError(worker_error or f\"model command exited {completed.returncode}\")\nRuntimeError: Generated STL did not meet store-quality gate: below_store_face_target_162560_of_300000; likely_horizontal_square_sheet_or_card; heavy_artifact_salvage_visual_holes_371_max_24; diagnostics={\"workflow\": \"text_to_3d\", \"faces\": 162560, \"vertices\": 81234, \"detail_faces_target\": 300000, \"extents_mm\": [22.807565564936784, 22.807565564936787, 32.0], \"watertight\": true, \"winding_consistent\": true, \"components\": 1, \"boundary_edges\": 0, \"nonmanifold_edges\": 0, \"euler_number\": -46, \"visual_hole_genus\": 24, \"volume\": 2588.6731441372795, \"area\": 3613.8817686451866, \"metadata\": {\"processed\": true, \"meshmend_image_visual_hole_pitch_mm\": 0.45, \"meshmend_image_visual_hole_close_iterations\": 3, \"meshmend_hunyuan_text_concept\": true, \"meshmend_height_axis_reoriented_to_z\": 1, \"units\": \"mm\", \"meshmend_scale_mm\": 32.0, \"meshmend_scale_axis\": \"z_height\", \"meshmend_connected_sheet_removed\": true, \"meshmend_surface_denoised\": true, \"meshmend_sculpt_relief_detail\": true, \"meshmend_image_guided_detail\": true, \"meshmend_geometry_upscale\": true, \"meshmend_custom_miniature_detail_pipeline\": true, \"meshmend_ai_definition_layer\": true, \"meshmend_ai_definition_asset\": \"latest_neural_model.pt:fingerprint\", \"meshmend_ai_definition_neural_checkpoint\": \"latest_neural_model.pt\", \"meshmend_intricate_detail_pipeline\": true, \"meshmend_artifact_components_removed\": 45, \"meshmend_background_slab_removed\": true, \"meshmend_voxel_solidified\": true, \"meshmend_pre_solidify_boundary_edges\": 43451, \"meshmend_added_round_base\": true, \"meshmend_image_visual_holes_sealed\": true, \"meshmend_pre_seal_genus\": 371, \"meshmend_image_store_density_restored\": true, \"meshmend_final_surface_polished\": true, \"meshmend_final_store_density_enforced\": true}, \"issues\": [\"below_store_face_target_162560_of_300000\", \"likely_horizontal_square_sheet_or_card\", \"heavy_artifact_salvage_visual_holes_371_max_24\"]}\n"}
2026-07-07 14:47:32,740 INFO meshmend_backend {"event": "task_started", "task_id": "63999abdebaf48c98d41fc0dd1b1341c", "workflow": "text_to_3d", "prompt_preview": "a space marine backend verification after final component base gate fix studio quality crisp armor lenses grille chest emblem weapon bevels reactor backpack 202"}
2026-07-07 15:00:24,665 ERROR meshmend_backend task_failed_before_optional_fallback
Traceback (most recent call last):
  File "D:\MeshMend\src\meshmend_ai\3dsculpter\model_service\main.py", line 585, in _run_task
    raise RuntimeError(worker_error or f"model command exited {completed.returncode}")
RuntimeError: Generated STL did not meet store-quality gate: likely_horizontal_square_sheet_or_card; mesh_not_solid_watertight; mesh_boundary_edges_1366; diagnostics={"workflow": "text_to_3d", "faces": 434950, "vertices": 218114, "detail_faces_target": 300000, "extents_mm": [28.413526707397022, 18.54624619532487, 31.999999999999993], "watertight": false, "winding_consistent": true, "components": 1, "boundary_edges": 1366, "nonmanifold_edges": 0, "euler_number": -44, "visual_hole_genus": 0, "volume": 2626.836561239919, "area": 3789.137543491736, "metadata": {"processed": true, "meshmend_image_visual_hole_pitch_mm": 0.28, "meshmend_image_visual_hole_close_iterations": 4, "meshmend_hunyuan_text_concept": true, "meshmend_connected_dual_subject_cropped": true, "meshmend_height_axis_reoriented_to_z": 1, "units": "mm", "meshmend_scale_mm": 32.0, "meshmend_scale_axis": "z_height", "meshmend_connected_sheet_removed": true, "meshmend_surface_denoised": true, "meshmend_sculpt_relief_detail": true, "meshmend_image_guided_detail": true, "meshmend_geometry_upscale": true, "meshmend_custom_miniature_detail_pipeline": true, "meshmend_ai_definition_layer": true, "meshmend_ai_definition_asset": "latest_neural_model.pt:fingerprint", "meshmend_ai_definition_neural_checkpoint": "latest_neural_model.pt", "meshmend_intricate_detail_pipeline": true, "meshmend_artifact_components_removed": 12, "meshmend_voxel_solidified": true, "meshmend_pre_solidify_boundary_edges": 78, "meshmend_added_round_base": true, "meshmend_component_bridges_added": 39, "meshmend_image_visual_holes_sealed": true, "meshmend_pre_seal_genus": 131, "meshmend_image_store_density_restored": true, "meshmend_final_surface_polished": true, "meshmend_outlier_faces_removed": 44226}, "issues": ["likely_horizontal_square_sheet_or_card", "mesh_not_solid_watertight", "mesh_boundary_edges_1366"]}
2026-07-07 15:00:24,908 ERROR meshmend_backend {"event": "task_failed", "task_id": "63999abdebaf48c98d41fc0dd1b1341c", "error": "Generated STL did not meet store-quality gate: likely_horizontal_square_sheet_or_card; mesh_not_solid_watertight; mesh_boundary_edges_1366; diagnostics={\"workflow\": \"text_to_3d\", \"faces\": 434950, \"vertices\": 218114, \"detail_faces_target\": 300000, \"extents_mm\": [28.413526707397022, 18.54624619532487, 31.999999999999993], \"watertight\": false, \"winding_consistent\": true, \"components\": 1, \"boundary_edges\": 1366, \"nonmanifold_edges\": 0, \"euler_number\": -44, \"visual_hole_genus\": 0, \"volume\": 2626.836561239919, \"area\": 3789.137543491736, \"metadata\": {\"processed\": true, \"meshmend_image_visual_hole_pitch_mm\": 0.28, \"meshmend_image_visual_hole_close_iterations\": 4, \"meshmend_hunyuan_text_concept\": true, \"meshmend_connected_dual_subject_cropped\": true, \"meshmend_height_axis_reoriented_to_z\": 1, \"units\": \"mm\", \"meshmend_scale_mm\": 32.0, \"meshmend_scale_axis\": \"z_height\", \"meshmend_connected_sheet_removed\": true, \"meshmend_surface_denoised\": true, \"meshmend_sculpt_relief_detail\": true, \"meshmend_image_guided_detail\": true, \"meshmend_geometry_upscale\": true, \"meshmend_custom_miniature_detail_pipeline\": true, \"meshmend_ai_definition_layer\": true, \"meshmend_ai_definition_asset\": \"latest_neural_model.pt:fingerprint\", \"meshmend_ai_definition_neural_checkpoint\": \"latest_neural_model.pt\", \"meshmend_intricate_detail_pipeline\": true, \"meshmend_artifact_components_removed\": 12, \"meshmend_voxel_solidified\": true, \"meshmend_pre_solidify_boundary_edges\": 78, \"meshmend_added_round_base\": true, \"meshmend_component_bridges_added\": 39, \"meshmend_image_visual_holes_sealed\": true, \"meshmend_pre_seal_genus\": 131, \"meshmend_image_store_density_restored\": true, \"meshmend_final_surface_polished\": true, \"meshmend_outlier_faces_removed\": 44226}, \"issues\": [\"likely_horizontal_square_sheet_or_card\", \"mesh_not_solid_watertight\", \"mesh_boundary_edges_1366\"]}", "traceback": "Traceback (most recent call last):\n  File \"D:\\MeshMend\\src\\meshmend_ai\\3dsculpter\\model_service\\main.py\", line 585, in _run_task\n    raise RuntimeError(worker_error or f\"model command exited {completed.returncode}\")\nRuntimeError: Generated STL did not meet store-quality gate: likely_horizontal_square_sheet_or_card; mesh_not_solid_watertight; mesh_boundary_edges_1366; diagnostics={\"workflow\": \"text_to_3d\", \"faces\": 434950, \"vertices\": 218114, \"detail_faces_target\": 300000, \"extents_mm\": [28.413526707397022, 18.54624619532487, 31.999999999999993], \"watertight\": false, \"winding_consistent\": true, \"components\": 1, \"boundary_edges\": 1366, \"nonmanifold_edges\": 0, \"euler_number\": -44, \"visual_hole_genus\": 0, \"volume\": 2626.836561239919, \"area\": 3789.137543491736, \"metadata\": {\"processed\": true, \"meshmend_image_visual_hole_pitch_mm\": 0.28, \"meshmend_image_visual_hole_close_iterations\": 4, \"meshmend_hunyuan_text_concept\": true, \"meshmend_connected_dual_subject_cropped\": true, \"meshmend_height_axis_reoriented_to_z\": 1, \"units\": \"mm\", \"meshmend_scale_mm\": 32.0, \"meshmend_scale_axis\": \"z_height\", \"meshmend_connected_sheet_removed\": true, \"meshmend_surface_denoised\": true, \"meshmend_sculpt_relief_detail\": true, \"meshmend_image_guided_detail\": true, \"meshmend_geometry_upscale\": true, \"meshmend_custom_miniature_detail_pipeline\": true, \"meshmend_ai_definition_layer\": true, \"meshmend_ai_definition_asset\": \"latest_neural_model.pt:fingerprint\", \"meshmend_ai_definition_neural_checkpoint\": \"latest_neural_model.pt\", \"meshmend_intricate_detail_pipeline\": true, \"meshmend_artifact_components_removed\": 12, \"meshmend_voxel_solidified\": true, \"meshmend_pre_solidify_boundary_edges\": 78, \"meshmend_added_round_base\": true, \"meshmend_component_bridges_added\": 39, \"meshmend_image_visual_holes_sealed\": true, \"meshmend_pre_seal_genus\": 131, \"meshmend_image_store_density_restored\": true, \"meshmend_final_surface_polished\": true, \"meshmend_outlier_faces_removed\": 44226}, \"issues\": [\"likely_horizontal_square_sheet_or_card\", \"mesh_not_solid_watertight\", \"mesh_boundary_edges_1366\"]}\n"}
2026-07-07 15:01:51,873 INFO meshmend_backend {"event": "task_started", "task_id": "0806988401f6423dbb458a4ad87e2b9d", "workflow": "text_to_3d", "prompt_preview": "a space marine clean verification after final solid base order studio quality crisp armor lenses grille chest emblem weapon bevels reactor backpack 20260707_fin"}
2026-07-07 15:26:11,690 INFO meshmend_backend {"event": "task_succeeded", "task_id": "0806988401f6423dbb458a4ad87e2b9d", "model_urls": {"stl": "http://127.0.0.1:8090/v1/files/0806988401f6423dbb458a4ad87e2b9d_meshmend_hunyuan.stl"}}
2026-07-07 16:10:24,171 INFO meshmend_backend {"event": "task_started", "task_id": "30603e258a174ec7922215db1e8d374a", "workflow": "text_to_3d", "prompt_preview": "a space marine\n\nCreate a production/studio-quality 32mm resin-printable tabletop miniature. This must be final sculpt geometry, not a primitive blockout: crisp "}
2026-07-07 16:23:53,730 ERROR meshmend_backend task_failed_before_optional_fallback
Traceback (most recent call last):
  File "D:\MeshMend\src\meshmend_ai\3dsculpter\model_service\main.py", line 585, in _run_task
    raise RuntimeError(worker_error or f"model command exited {completed.returncode}")
RuntimeError: Generated STL did not meet store-quality gate: below_store_face_target_169376_of_300000; diagnostics={"workflow": "text_to_3d", "faces": 169376, "vertices": 84682, "detail_faces_target": 300000, "extents_mm": [30.162002945508096, 30.162002945508096, 31.999999999999996], "watertight": true, "winding_consistent": true, "components": 3, "boundary_edges": 0, "nonmanifold_edges": 0, "euler_number": -6, "visual_hole_genus": 6, "volume": 5836.416565164141, "area": 5038.1337600302395, "metadata": {"processed": true, "meshmend_image_visual_hole_pitch_mm": 0.28, "meshmend_image_visual_hole_close_iterations": 4, "meshmend_hunyuan_text_concept": true, "meshmend_background_slab_removed": true, "meshmend_connected_sheet_removed": true, "meshmend_height_axis_reoriented_to_z": 1, "units": "mm", "meshmend_scale_mm": 32.0, "meshmend_scale_axis": "z_height", "meshmend_surface_denoised": true, "meshmend_sculpt_relief_detail": true, "meshmend_image_guided_detail": true, "meshmend_geometry_upscale": true, "meshmend_custom_miniature_detail_pipeline": true, "meshmend_ai_definition_layer": true, "meshmend_ai_definition_asset": "latest_neural_model.pt:fingerprint", "meshmend_ai_definition_neural_checkpoint": "latest_neural_model.pt", "meshmend_intricate_detail_pipeline": true, "meshmend_artifact_components_removed": 1, "meshmend_voxel_solidified": true, "meshmend_pre_solidify_boundary_edges": 96, "meshmend_component_bridges_added": 48, "meshmend_image_visual_holes_sealed": true, "meshmend_pre_seal_genus": 18, "meshmend_image_store_density_restored": true, "meshmend_final_surface_polished": true, "meshmend_added_round_base": true, "meshmend_final_store_density_enforced": true}, "issues": ["below_store_face_target_169376_of_300000"]}
2026-07-07 16:23:53,994 ERROR meshmend_backend {"event": "task_failed", "task_id": "30603e258a174ec7922215db1e8d374a", "error": "Generated STL did not meet store-quality gate: below_store_face_target_169376_of_300000; diagnostics={\"workflow\": \"text_to_3d\", \"faces\": 169376, \"vertices\": 84682, \"detail_faces_target\": 300000, \"extents_mm\": [30.162002945508096, 30.162002945508096, 31.999999999999996], \"watertight\": true, \"winding_consistent\": true, \"components\": 3, \"boundary_edges\": 0, \"nonmanifold_edges\": 0, \"euler_number\": -6, \"visual_hole_genus\": 6, \"volume\": 5836.416565164141, \"area\": 5038.1337600302395, \"metadata\": {\"processed\": true, \"meshmend_image_visual_hole_pitch_mm\": 0.28, \"meshmend_image_visual_hole_close_iterations\": 4, \"meshmend_hunyuan_text_concept\": true, \"meshmend_background_slab_removed\": true, \"meshmend_connected_sheet_removed\": true, \"meshmend_height_axis_reoriented_to_z\": 1, \"units\": \"mm\", \"meshmend_scale_mm\": 32.0, \"meshmend_scale_axis\": \"z_height\", \"meshmend_surface_denoised\": true, \"meshmend_sculpt_relief_detail\": true, \"meshmend_image_guided_detail\": true, \"meshmend_geometry_upscale\": true, \"meshmend_custom_miniature_detail_pipeline\": true, \"meshmend_ai_definition_layer\": true, \"meshmend_ai_definition_asset\": \"latest_neural_model.pt:fingerprint\", \"meshmend_ai_definition_neural_checkpoint\": \"latest_neural_model.pt\", \"meshmend_intricate_detail_pipeline\": true, \"meshmend_artifact_components_removed\": 1, \"meshmend_voxel_solidified\": true, \"meshmend_pre_solidify_boundary_edges\": 96, \"meshmend_component_bridges_added\": 48, \"meshmend_image_visual_holes_sealed\": true, \"meshmend_pre_seal_genus\": 18, \"meshmend_image_store_density_restored\": true, \"meshmend_final_surface_polished\": true, \"meshmend_added_round_base\": true, \"meshmend_final_store_density_enforced\": true}, \"issues\": [\"below_store_face_target_169376_of_300000\"]}", "traceback": "Traceback (most recent call last):\n  File \"D:\\MeshMend\\src\\meshmend_ai\\3dsculpter\\model_service\\main.py\", line 585, in _run_task\n    raise RuntimeError(worker_error or f\"model command exited {completed.returncode}\")\nRuntimeError: Generated STL did not meet store-quality gate: below_store_face_target_169376_of_300000; diagnostics={\"workflow\": \"text_to_3d\", \"faces\": 169376, \"vertices\": 84682, \"detail_faces_target\": 300000, \"extents_mm\": [30.162002945508096, 30.162002945508096, 31.999999999999996], \"watertight\": true, \"winding_consistent\": true, \"components\": 3, \"boundary_edges\": 0, \"nonmanifold_edges\": 0, \"euler_number\": -6, \"visual_hole_genus\": 6, \"volume\": 5836.416565164141, \"area\": 5038.1337600302395, \"metadata\": {\"processed\": true, \"meshmend_image_visual_hole_pitch_mm\": 0.28, \"meshmend_image_visual_hole_close_iterations\": 4, \"meshmend_hunyuan_text_concept\": true, \"meshmend_background_slab_removed\": true, \"meshmend_connected_sheet_removed\": true, \"meshmend_height_axis_reoriented_to_z\": 1, \"units\": \"mm\", \"meshmend_scale_mm\": 32.0, \"meshmend_scale_axis\": \"z_height\", \"meshmend_surface_denoised\": true, \"meshmend_sculpt_relief_detail\": true, \"meshmend_image_guided_detail\": true, \"meshmend_geometry_upscale\": true, \"meshmend_custom_miniature_detail_pipeline\": true, \"meshmend_ai_definition_layer\": true, \"meshmend_ai_definition_asset\": \"latest_neural_model.pt:fingerprint\", \"meshmend_ai_definition_neural_checkpoint\": \"latest_neural_model.pt\", \"meshmend_intricate_detail_pipeline\": true, \"meshmend_artifact_components_removed\": 1, \"meshmend_voxel_solidified\": true, \"meshmend_pre_solidify_boundary_edges\": 96, \"meshmend_component_bridges_added\": 48, \"meshmend_image_visual_holes_sealed\": true, \"meshmend_pre_seal_genus\": 18, \"meshmend_image_store_density_restored\": true, \"meshmend_final_surface_polished\": true, \"meshmend_added_round_base\": true, \"meshmend_final_store_density_enforced\": true}, \"issues\": [\"below_store_face_target_169376_of_300000\"]}\n"}
2026-07-07 16:39:22,203 INFO meshmend_backend {"event": "diagnostics_requested", "status": "ok"}
2026-07-07 17:29:54,060 INFO meshmend_backend {"event": "task_started", "task_id": "da8f8ed9a64e4b838b0c89f6f2e9f993", "workflow": "text_to_3d", "prompt_preview": "a space marine\n\nCreate a production/studio-quality 32mm resin-printable tabletop miniature. This must be final sculpt geometry, not a primitive blockout: crisp "}
2026-07-07 17:39:09,923 INFO meshmend_backend {"event": "task_succeeded", "task_id": "da8f8ed9a64e4b838b0c89f6f2e9f993", "model_urls": {"stl": "http://127.0.0.1:8090/v1/files/da8f8ed9a64e4b838b0c89f6f2e9f993_meshmend_hunyuan.stl"}}
2026-07-07 17:39:14,973 INFO meshmend_backend {"event": "download_cleanup_complete", "filename": "da8f8ed9a64e4b838b0c89f6f2e9f993_meshmend_hunyuan.stl", "removed": {"files": ["D:\\MeshMend\\src\\meshmend_ai\\3dsculpter\\model_service\\outputs\\da8f8ed9a64e4b838b0c89f6f2e9f993_meshmend_hunyuan.stl"], "dirs": ["D:\\MeshMend\\src\\meshmend_ai\\3dsculpter\\model_service\\outputs\\da8f8ed9a64e4b838b0c89f6f2e9f993", "D:\\MeshMend\\src\\meshmend_ai\\3dsculpter\\model_service\\tasks\\da8f8ed9a64e4b838b0c89f6f2e9f993"]}}
2026-07-07 17:39:15,059 INFO meshmend_backend {"event": "task_artifacts_cleanup_requested", "task_id": "da8f8ed9a64e4b838b0c89f6f2e9f993", "removed": {"files": [], "dirs": []}}
2026-07-07 17:58:42,389 INFO meshmend_backend {"event": "task_started", "task_id": "3bffd703acf6443b85571287e6f071bd", "workflow": "text_to_3d", "prompt_preview": "a space marine studio quality miniature with unmistakable bulky power armor silhouette, oversized round pauldrons, recessed helmet visor and respirator grille, "}
2026-07-07 18:18:29,772 INFO meshmend_backend {"event": "task_succeeded", "task_id": "3bffd703acf6443b85571287e6f071bd", "model_urls": {"stl": "http://127.0.0.1:8090/v1/files/3bffd703acf6443b85571287e6f071bd_meshmend_hunyuan.stl"}}
2026-07-07 18:27:16,774 INFO meshmend_backend {"event": "task_started", "task_id": "2dbfb5b1870f47f59012ee2741b7d965", "workflow": "text_to_3d", "prompt_preview": "a space marine\n\nCreate a production/studio-quality 32mm resin-printable tabletop miniature. This must be final sculpt geometry, not a primitive blockout: crisp "}
2026-07-07 18:48:36,667 INFO meshmend_backend {"event": "task_succeeded", "task_id": "2dbfb5b1870f47f59012ee2741b7d965", "model_urls": {"stl": "http://127.0.0.1:8090/v1/files/2dbfb5b1870f47f59012ee2741b7d965_meshmend_hunyuan.stl"}}
2026-07-07 18:48:38,582 INFO meshmend_backend {"event": "download_cleanup_complete", "filename": "2dbfb5b1870f47f59012ee2741b7d965_meshmend_hunyuan.stl", "removed": {"files": ["D:\\MeshMend\\src\\meshmend_ai\\3dsculpter\\model_service\\outputs\\2dbfb5b1870f47f59012ee2741b7d965_meshmend_hunyuan.stl"], "dirs": ["D:\\MeshMend\\src\\meshmend_ai\\3dsculpter\\model_service\\outputs\\2dbfb5b1870f47f59012ee2741b7d965", "D:\\MeshMend\\src\\meshmend_ai\\3dsculpter\\model_service\\tasks\\2dbfb5b1870f47f59012ee2741b7d965"]}}
2026-07-07 18:48:38,671 INFO meshmend_backend {"event": "task_artifacts_cleanup_requested", "task_id": "2dbfb5b1870f47f59012ee2741b7d965", "removed": {"files": [], "dirs": []}}
2026-07-07 19:23:56,287 INFO meshmend_backend {"event": "task_started", "task_id": "ce1ef86b0c424617949b7f1627a04320", "workflow": "text_to_3d", "prompt_preview": "a space marine\n\nCreate a production/studio-quality 32mm resin-printable tabletop miniature. This must be final sculpt geometry, not a primitive blockout: crisp "}
2026-07-07 19:39:57,198 ERROR meshmend_backend task_failed_before_optional_fallback
Traceback (most recent call last):
  File "D:\MeshMend\src\meshmend_ai\3dsculpter\model_service\main.py", line 585, in _run_task
    raise RuntimeError(worker_error or f"model command exited {completed.returncode}")
RuntimeError: Generated STL did not meet store-quality gate: too_many_disconnected_components_11_max_6; diagnostics={"workflow": "text_to_3d", "faces": 312760, "vertices": 156354, "detail_faces_target": 300000, "extents_mm": [24.103157503472424, 24.103157503472424, 32.0], "watertight": true, "winding_consistent": true, "components": 11, "boundary_edges": 0, "nonmanifold_edges": 0, "euler_number": -26, "visual_hole_genus": 24, "volume": 3403.169855619739, "area": 5251.041102483815, "metadata": {"processed": true, "meshmend_image_visual_hole_pitch_mm": 0.24, "meshmend_image_visual_hole_close_iterations": 4, "meshmend_hunyuan_text_concept": true, "meshmend_background_slab_removed": true, "meshmend_connected_sheet_removed": true, "meshmend_height_axis_reoriented_to_z": 1, "units": "mm", "meshmend_scale_mm": 32.0, "meshmend_scale_axis": "z_height", "meshmend_surface_denoised": true, "meshmend_sculpt_relief_detail": true, "meshmend_image_guided_detail": true, "meshmend_geometry_upscale": true, "meshmend_custom_miniature_detail_pipeline": true, "meshmend_ai_definition_layer": true, "meshmend_ai_definition_asset": "latest_neural_model.pt:fingerprint", "meshmend_ai_definition_neural_checkpoint": "latest_neural_model.pt", "meshmend_intricate_detail_pipeline": true, "meshmend_artifact_components_removed": 1, "meshmend_voxel_solidified": true, "meshmend_pre_solidify_boundary_edges": 0, "meshmend_component_bridges_added": 48, "meshmend_image_visual_holes_sealed": true, "meshmend_pre_seal_genus": 25, "meshmend_image_store_density_restored": true, "meshmend_final_surface_polished": true, "meshmend_added_round_base": true, "meshmend_prompt_landmark_overlay": true, "meshmend_prompt_landmark_parts": ["prompt_massive_round_pauldron", "prompt_chunky_greave", "prompt_oversized_boot", "prompt_massive_round_pauldron", "prompt_chunky_greave", "prompt_oversized_boot", "prompt_rear_power_backpack", "prompt_power_pack_exhaust", "prompt_power_pack_exhaust", "prompt_raised_chest_emblem", "prompt_bolter_rifle_across_chest", "prompt_bolter_barrel", "prompt_bolter_magazine", "prompt_crested_helmet_plume", "prompt_front_tabard", "prompt_raised_sword", "prompt_base_skull", "prompt_skull_eye_socket", "prompt_skull_eye_socket", "prompt_base_skull", "prompt_skull_eye_socket", "prompt_skull_eye_socket", "semantic_power_armor_barrel_torso", "semantic_recessed_exo_helmet", "semantic_helmet_visor_slit", "semantic_respirator_grille", "semantic_huge_power_pauldron", "semantic_chunky_greave_plate", "semantic_greave_panel_line", "semantic_huge_power_pauldron", "semantic_chunky_greave_plate", "semantic_greave_panel_line", "semantic_reactor_backpack", "semantic_backpack_exhaust_stack", "semantic_backpack_exhaust_stack", "semantic_chest_emblem", "semantic_heavy_bolter_body", "semantic_heavy_bolter_barrel", "semantic_heavy_bolter_magazine", "semantic_power_armor_deep_panel_line", "semantic_power_armor_deep_panel_line", "semantic_power_armor_deep_panel_line", "semantic_power_armor_deep_panel_line"]}, "issues": ["too_many_disconnected_components_11_max_6"]}
2026-07-07 19:39:57,700 ERROR meshmend_backend {"event": "task_failed", "task_id": "ce1ef86b0c424617949b7f1627a04320", "error": "Generated STL did not meet store-quality gate: too_many_disconnected_components_11_max_6; diagnostics={\"workflow\": \"text_to_3d\", \"faces\": 312760, \"vertices\": 156354, \"detail_faces_target\": 300000, \"extents_mm\": [24.103157503472424, 24.103157503472424, 32.0], \"watertight\": true, \"winding_consistent\": true, \"components\": 11, \"boundary_edges\": 0, \"nonmanifold_edges\": 0, \"euler_number\": -26, \"visual_hole_genus\": 24, \"volume\": 3403.169855619739, \"area\": 5251.041102483815, \"metadata\": {\"processed\": true, \"meshmend_image_visual_hole_pitch_mm\": 0.24, \"meshmend_image_visual_hole_close_iterations\": 4, \"meshmend_hunyuan_text_concept\": true, \"meshmend_background_slab_removed\": true, \"meshmend_connected_sheet_removed\": true, \"meshmend_height_axis_reoriented_to_z\": 1, \"units\": \"mm\", \"meshmend_scale_mm\": 32.0, \"meshmend_scale_axis\": \"z_height\", \"meshmend_surface_denoised\": true, \"meshmend_sculpt_relief_detail\": true, \"meshmend_image_guided_detail\": true, \"meshmend_geometry_upscale\": true, \"meshmend_custom_miniature_detail_pipeline\": true, \"meshmend_ai_definition_layer\": true, \"meshmend_ai_definition_asset\": \"latest_neural_model.pt:fingerprint\", \"meshmend_ai_definition_neural_checkpoint\": \"latest_neural_model.pt\", \"meshmend_intricate_detail_pipeline\": true, \"meshmend_artifact_components_removed\": 1, \"meshmend_voxel_solidified\": true, \"meshmend_pre_solidify_boundary_edges\": 0, \"meshmend_component_bridges_added\": 48, \"meshmend_image_visual_holes_sealed\": true, \"meshmend_pre_seal_genus\": 25, \"meshmend_image_store_density_restored\": true, \"meshmend_final_surface_polished\": true, \"meshmend_added_round_base\": true, \"meshmend_prompt_landmark_overlay\": true, \"meshmend_prompt_landmark_parts\": [\"prompt_massive_round_pauldron\", \"prompt_chunky_greave\", \"prompt_oversized_boot\", \"prompt_massive_round_pauldron\", \"prompt_chunky_greave\", \"prompt_oversized_boot\", \"prompt_rear_power_backpack\", \"prompt_power_pack_exhaust\", \"prompt_power_pack_exhaust\", \"prompt_raised_chest_emblem\", \"prompt_bolter_rifle_across_chest\", \"prompt_bolter_barrel\", \"prompt_bolter_magazine\", \"prompt_crested_helmet_plume\", \"prompt_front_tabard\", \"prompt_raised_sword\", \"prompt_base_skull\", \"prompt_skull_eye_socket\", \"prompt_skull_eye_socket\", \"prompt_base_skull\", \"prompt_skull_eye_socket\", \"prompt_skull_eye_socket\", \"semantic_power_armor_barrel_torso\", \"semantic_recessed_exo_helmet\", \"semantic_helmet_visor_slit\", \"semantic_respirator_grille\", \"semantic_huge_power_pauldron\", \"semantic_chunky_greave_plate\", \"semantic_greave_panel_line\", \"semantic_huge_power_pauldron\", \"semantic_chunky_greave_plate\", \"semantic_greave_panel_line\", \"semantic_reactor_backpack\", \"semantic_backpack_exhaust_stack\", \"semantic_backpack_exhaust_stack\", \"semantic_chest_emblem\", \"semantic_heavy_bolter_body\", \"semantic_heavy_bolter_barrel\", \"semantic_heavy_bolter_magazine\", \"semantic_power_armor_deep_panel_line\", \"semantic_power_armor_deep_panel_line\", \"semantic_power_armor_deep_panel_line\", \"semantic_power_armor_deep_panel_line\"]}, \"issues\": [\"too_many_disconnected_components_11_max_6\"]}", "traceback": "Traceback (most recent call last):\n  File \"D:\\MeshMend\\src\\meshmend_ai\\3dsculpter\\model_service\\main.py\", line 585, in _run_task\n    raise RuntimeError(worker_error or f\"model command exited {completed.returncode}\")\nRuntimeError: Generated STL did not meet store-quality gate: too_many_disconnected_components_11_max_6; diagnostics={\"workflow\": \"text_to_3d\", \"faces\": 312760, \"vertices\": 156354, \"detail_faces_target\": 300000, \"extents_mm\": [24.103157503472424, 24.103157503472424, 32.0], \"watertight\": true, \"winding_consistent\": true, \"components\": 11, \"boundary_edges\": 0, \"nonmanifold_edges\": 0, \"euler_number\": -26, \"visual_hole_genus\": 24, \"volume\": 3403.169855619739, \"area\": 5251.041102483815, \"metadata\": {\"processed\": true, \"meshmend_image_visual_hole_pitch_mm\": 0.24, \"meshmend_image_visual_hole_close_iterations\": 4, \"meshmend_hunyuan_text_concept\": true, \"meshmend_background_slab_removed\": true, \"meshmend_connected_sheet_removed\": true, \"meshmend_height_axis_reoriented_to_z\": 1, \"units\": \"mm\", \"meshmend_scale_mm\": 32.0, \"meshmend_scale_axis\": \"z_height\", \"meshmend_surface_denoised\": true, \"meshmend_sculpt_relief_detail\": true, \"meshmend_image_guided_detail\": true, \"meshmend_geometry_upscale\": true, \"meshmend_custom_miniature_detail_pipeline\": true, \"meshmend_ai_definition_layer\": true, \"meshmend_ai_definition_asset\": \"latest_neural_model.pt:fingerprint\", \"meshmend_ai_definition_neural_checkpoint\": \"latest_neural_model.pt\", \"meshmend_intricate_detail_pipeline\": true, \"meshmend_artifact_components_removed\": 1, \"meshmend_voxel_solidified\": true, \"meshmend_pre_solidify_boundary_edges\": 0, \"meshmend_component_bridges_added\": 48, \"meshmend_image_visual_holes_sealed\": true, \"meshmend_pre_seal_genus\": 25, \"meshmend_image_store_density_restored\": true, \"meshmend_final_surface_polished\": true, \"meshmend_added_round_base\": true, \"meshmend_prompt_landmark_overlay\": true, \"meshmend_prompt_landmark_parts\": [\"prompt_massive_round_pauldron\", \"prompt_chunky_greave\", \"prompt_oversized_boot\", \"prompt_massive_round_pauldron\", \"prompt_chunky_greave\", \"prompt_oversized_boot\", \"prompt_rear_power_backpack\", \"prompt_power_pack_exhaust\", \"prompt_power_pack_exhaust\", \"prompt_raised_chest_emblem\", \"prompt_bolter_rifle_across_chest\", \"prompt_bolter_barrel\", \"prompt_bolter_magazine\", \"prompt_crested_helmet_plume\", \"prompt_front_tabard\", \"prompt_raised_sword\", \"prompt_base_skull\", \"prompt_skull_eye_socket\", \"prompt_skull_eye_socket\", \"prompt_base_skull\", \"prompt_skull_eye_socket\", \"prompt_skull_eye_socket\", \"semantic_power_armor_barrel_torso\", \"semantic_recessed_exo_helmet\", \"semantic_helmet_visor_slit\", \"semantic_respirator_grille\", \"semantic_huge_power_pauldron\", \"semantic_chunky_greave_plate\", \"semantic_greave_panel_line\", \"semantic_huge_power_pauldron\", \"semantic_chunky_greave_plate\", \"semantic_greave_panel_line\", \"semantic_reactor_backpack\", \"semantic_backpack_exhaust_stack\", \"semantic_backpack_exhaust_stack\", \"semantic_chest_emblem\", \"semantic_heavy_bolter_body\", \"semantic_heavy_bolter_barrel\", \"semantic_heavy_bolter_magazine\", \"semantic_power_armor_deep_panel_line\", \"semantic_power_armor_deep_panel_line\", \"semantic_power_armor_deep_panel_line\", \"semantic_power_armor_deep_panel_line\"]}, \"issues\": [\"too_many_disconnected_components_11_max_6\"]}\n"}
2026-07-07 19:52:02,924 INFO meshmend_backend {"event": "task_started", "task_id": "1564c3cab0c6473c82999f011aa2b358", "workflow": "text_to_3d", "prompt_preview": "Space Marine"}
2026-07-07 20:04:50,193 INFO meshmend_backend {"event": "task_succeeded", "task_id": "1564c3cab0c6473c82999f011aa2b358", "model_urls": {"stl": "http://127.0.0.1:8090/v1/files/1564c3cab0c6473c82999f011aa2b358_meshmend_hunyuan.stl"}}
2026-07-07 20:09:44,964 INFO meshmend_backend {"event": "task_started", "task_id": "83757d1e4dc94f74a0befb522cd19300", "workflow": "text_to_3d", "prompt_preview": "a space marine\n\nCreate a production/studio-quality 32mm resin-printable tabletop miniature. This must be final sculpt geometry, not a primitive blockout: crisp "}
2026-07-07 20:27:04,143 ERROR meshmend_backend task_failed_before_optional_fallback
Traceback (most recent call last):
  File "D:\MeshMend\src\meshmend_ai\3dsculpter\model_service\main.py", line 585, in _run_task
    raise RuntimeError(worker_error or f"model command exited {completed.returncode}")
RuntimeError: store-quality gate: miniature_design_language_failed: mdl_under_detailed_face_count_233724
2026-07-07 20:27:04,616 ERROR meshmend_backend {"event": "task_failed", "task_id": "83757d1e4dc94f74a0befb522cd19300", "error": "store-quality gate: miniature_design_language_failed: mdl_under_detailed_face_count_233724", "traceback": "Traceback (most recent call last):\n  File \"D:\\MeshMend\\src\\meshmend_ai\\3dsculpter\\model_service\\main.py\", line 585, in _run_task\n    raise RuntimeError(worker_error or f\"model command exited {completed.returncode}\")\nRuntimeError: store-quality gate: miniature_design_language_failed: mdl_under_detailed_face_count_233724\n"}
2026-07-07 20:50:27,919 INFO meshmend_backend {"event": "task_started", "task_id": "edaa5b789ed944b0b4ea2b6b5bd4442d", "workflow": "text_to_3d", "prompt_preview": "a space marine\n\nCreate a production/studio-quality 32mm resin-printable tabletop miniature. This must be final sculpt geometry, not a primitive blockout: crisp "}
2026-07-07 21:10:43,218 INFO meshmend_backend {"event": "task_succeeded", "task_id": "edaa5b789ed944b0b4ea2b6b5bd4442d", "model_urls": {"stl": "http://127.0.0.1:8090/v1/files/edaa5b789ed944b0b4ea2b6b5bd4442d_meshmend_hunyuan.stl"}}
2026-07-07 21:10:43,878 INFO meshmend_backend {"event": "download_cleanup_complete", "filename": "edaa5b789ed944b0b4ea2b6b5bd4442d_meshmend_hunyuan.stl", "removed": {"files": ["D:\\MeshMend\\src\\meshmend_ai\\3dsculpter\\model_service\\outputs\\edaa5b789ed944b0b4ea2b6b5bd4442d_meshmend_hunyuan.stl"], "dirs": ["D:\\MeshMend\\src\\meshmend_ai\\3dsculpter\\model_service\\outputs\\edaa5b789ed944b0b4ea2b6b5bd4442d", "D:\\MeshMend\\src\\meshmend_ai\\3dsculpter\\model_service\\tasks\\edaa5b789ed944b0b4ea2b6b5bd4442d"]}}
2026-07-07 21:10:43,952 INFO meshmend_backend {"event": "task_artifacts_cleanup_requested", "task_id": "edaa5b789ed944b0b4ea2b6b5bd4442d", "removed": {"files": [], "dirs": []}}
2026-07-07 21:48:47,161 INFO meshmend_backend {"event": "diagnostics_requested", "status": "ok"}
2026-07-07 21:49:15,016 INFO meshmend_backend {"event": "task_started", "task_id": "cea1b5fc89c04a4c913d6bcb7069d5b5", "workflow": "text_to_3d", "prompt_preview": "Space Marine"}
2026-07-07 21:58:41,806 INFO meshmend_backend {"event": "task_succeeded", "task_id": "cea1b5fc89c04a4c913d6bcb7069d5b5", "model_urls": {"stl": "http://127.0.0.1:8090/v1/files/cea1b5fc89c04a4c913d6bcb7069d5b5_meshmend_hunyuan.stl"}}
2026-07-07 22:03:08,323 INFO meshmend_backend {"event": "task_started", "task_id": "9179fa152c7947f0a92ad8ed690b3d4e", "workflow": "text_to_3d", "prompt_preview": "Space Marine"}
2026-07-07 22:30:52,066 INFO meshmend_backend {"event": "task_started", "task_id": "6b3b9e4a78dc45c28801441722d61d3d", "workflow": "text_to_3d", "prompt_preview": "a space marine\n\nCreate a production/studio-quality 32mm resin-printable tabletop miniature. This must be final sculpt geometry, not a primitive blockout: crisp "}
2026-07-07 22:32:46,327 INFO meshmend_backend {"event": "task_succeeded", "task_id": "9179fa152c7947f0a92ad8ed690b3d4e", "model_urls": {"stl": "http://127.0.0.1:8090/v1/files/9179fa152c7947f0a92ad8ed690b3d4e_meshmend_hunyuan.stl"}}
2026-07-07 22:43:19,112 INFO meshmend_backend {"event": "task_succeeded", "task_id": "6b3b9e4a78dc45c28801441722d61d3d", "model_urls": {"stl": "http://127.0.0.1:8090/v1/files/6b3b9e4a78dc45c28801441722d61d3d_meshmend_hunyuan.stl"}}
2026-07-07 22:43:23,371 INFO meshmend_backend {"event": "download_cleanup_complete", "filename": "6b3b9e4a78dc45c28801441722d61d3d_meshmend_hunyuan.stl", "removed": {"files": ["D:\\MeshMend\\src\\meshmend_ai\\3dsculpter\\model_service\\outputs\\6b3b9e4a78dc45c28801441722d61d3d_meshmend_hunyuan.stl"], "dirs": ["D:\\MeshMend\\src\\meshmend_ai\\3dsculpter\\model_service\\outputs\\6b3b9e4a78dc45c28801441722d61d3d", "D:\\MeshMend\\src\\meshmend_ai\\3dsculpter\\model_service\\tasks\\6b3b9e4a78dc45c28801441722d61d3d"]}}
2026-07-07 22:43:23,407 INFO meshmend_backend {"event": "task_artifacts_cleanup_requested", "task_id": "6b3b9e4a78dc45c28801441722d61d3d", "removed": {"files": [], "dirs": []}}
2026-07-07 23:36:06,988 INFO meshmend_backend {"event": "task_started", "task_id": "947500b84cfe4d069b5c6380ebadacd6", "workflow": "text_to_3d", "prompt_preview": "a space marine\n\nCreate a production/studio-quality 32mm resin-printable tabletop miniature. This must be final sculpt geometry, not a primitive blockout: crisp "}
2026-07-07 23:47:00,730 INFO meshmend_backend {"event": "task_succeeded", "task_id": "947500b84cfe4d069b5c6380ebadacd6", "model_urls": {"stl": "http://127.0.0.1:8090/v1/files/947500b84cfe4d069b5c6380ebadacd6_meshmend_hunyuan.stl"}}
2026-07-07 23:47:03,005 INFO meshmend_backend {"event": "download_cleanup_complete", "filename": "947500b84cfe4d069b5c6380ebadacd6_meshmend_hunyuan.stl", "removed": {"files": ["D:\\MeshMend\\src\\meshmend_ai\\3dsculpter\\model_service\\outputs\\947500b84cfe4d069b5c6380ebadacd6_meshmend_hunyuan.stl"], "dirs": ["D:\\MeshMend\\src\\meshmend_ai\\3dsculpter\\model_service\\outputs\\947500b84cfe4d069b5c6380ebadacd6", "D:\\MeshMend\\src\\meshmend_ai\\3dsculpter\\model_service\\tasks\\947500b84cfe4d069b5c6380ebadacd6"]}}
2026-07-07 23:47:03,143 INFO meshmend_backend {"event": "task_artifacts_cleanup_requested", "task_id": "947500b84cfe4d069b5c6380ebadacd6", "removed": {"files": [], "dirs": []}}
2026-07-11 11:10:45,892 INFO meshmend_backend {"event": "task_started", "task_id": "3524ebd5417542d1b8f428b31ff7b592", "workflow": "text_to_3d", "prompt_preview": "a spcace marine\n\nCreate a production/studio-quality 32mm resin-printable tabletop miniature. This must be final sculpt geometry, not a primitive blockout: crisp"}
2026-07-11 11:21:28,652 INFO meshmend_backend {"event": "task_succeeded", "task_id": "3524ebd5417542d1b8f428b31ff7b592", "model_urls": {"stl": "http://127.0.0.1:8090/v1/files/3524ebd5417542d1b8f428b31ff7b592_meshmend_hunyuan.stl"}}
2026-07-11 11:21:31,601 INFO meshmend_backend {"event": "download_cleanup_complete", "filename": "3524ebd5417542d1b8f428b31ff7b592_meshmend_hunyuan.stl", "removed": {"files": ["D:\\MeshMend\\src\\meshmend_ai\\3dsculpter\\model_service\\outputs\\3524ebd5417542d1b8f428b31ff7b592_meshmend_hunyuan.stl"], "dirs": ["D:\\MeshMend\\src\\meshmend_ai\\3dsculpter\\model_service\\outputs\\3524ebd5417542d1b8f428b31ff7b592", "D:\\MeshMend\\src\\meshmend_ai\\3dsculpter\\model_service\\tasks\\3524ebd5417542d1b8f428b31ff7b592"]}}
2026-07-11 11:21:31,602 ERROR meshmend_backend task_directory_cleanup_failed
Traceback (most recent call last):
  File "D:\MeshMend\src\meshmend_ai\3dsculpter\model_service\main.py", line 1258, in _cleanup_task_artifacts
    if directory.exists() and directory.is_dir():
            ^^^^^^^^^^^^^^^^^^^^^^^^
  File "C:\Python313\Lib\shutil.py", line 780, in rmtree
    onexc(os.lstat, path, err)
    ~~~~~^^^^^^^^^^^^^^^^^^^^^
  File "C:\Python313\Lib\shutil.py", line 778, in rmtree
    st = os.lstat(path)
FileNotFoundError: [WinError 2] The system cannot find the file specified: 'D:\\MeshMend\\src\\meshmend_ai\\3dsculpter\\model_service\\tasks\\3524ebd5417542d1b8f428b31ff7b592'
2026-07-11 11:21:31,622 INFO meshmend_backend {"event": "task_artifacts_cleanup_requested", "task_id": "3524ebd5417542d1b8f428b31ff7b592", "removed": {"files": [], "dirs": ["D:\\MeshMend\\src\\meshmend_ai\\3dsculpter\\model_service\\outputs\\3524ebd5417542d1b8f428b31ff7b592"]}}
2026-07-11 11:39:43,598 INFO meshmend_backend {"event": "task_started", "task_id": "b00482a4bbba4a68b44678e8ad06c432", "workflow": "text_to_3d", "prompt_preview": "a space marine\n\nCreate a production/studio-quality 32mm resin-printable tabletop miniature. This must be final sculpt geometry, not a primitive blockout: crisp "}
2026-07-11 12:15:48,680 INFO meshmend_backend {"event": "task_succeeded", "task_id": "b00482a4bbba4a68b44678e8ad06c432", "model_urls": {"stl": "http://127.0.0.1:8090/v1/files/b00482a4bbba4a68b44678e8ad06c432_meshmend_hunyuan.stl"}}
2026-07-11 12:15:51,032 INFO meshmend_backend {"event": "download_cleanup_complete", "filename": "b00482a4bbba4a68b44678e8ad06c432_meshmend_hunyuan.stl", "removed": {"files": ["D:\\MeshMend\\src\\meshmend_ai\\3dsculpter\\model_service\\outputs\\b00482a4bbba4a68b44678e8ad06c432_meshmend_hunyuan.stl"], "dirs": ["D:\\MeshMend\\src\\meshmend_ai\\3dsculpter\\model_service\\outputs\\b00482a4bbba4a68b44678e8ad06c432", "D:\\MeshMend\\src\\meshmend_ai\\3dsculpter\\model_service\\tasks\\b00482a4bbba4a68b44678e8ad06c432"]}}
2026-07-11 12:15:51,150 INFO meshmend_backend {"event": "task_artifacts_cleanup_requested", "task_id": "b00482a4bbba4a68b44678e8ad06c432", "removed": {"files": [], "dirs": []}}
2026-07-11 15:46:21,093 INFO meshmend_backend {"event": "task_started", "task_id": "fe25ef9981b743fc8cf4f7e42d644a61", "workflow": "text_to_3d", "prompt_preview": "a space marine\n\nCreate a production/studio-quality 32mm resin-printable tabletop miniature. This must be final sculpt geometry, not a primitive blockout: crisp "}
2026-07-11 19:34:55,146 INFO meshmend_backend {"event": "task_started", "task_id": "d8b176703055400394542d9a3e5ec697", "workflow": "text_to_3d", "prompt_preview": "a dragon\n\nCreate a production/studio-quality 32mm resin-printable tabletop miniature. This must be final sculpt geometry, not a primitive blockout: crisp facial"}
2026-07-11 19:50:58,114 ERROR meshmend_backend task_failed_before_optional_fallback
Traceback (most recent call last):
  File "D:\MeshMend\src\meshmend_ai\3dsculpter\model_service\main.py", line 587, in _run_task
    raise RuntimeError(worker_error or f"model command exited {completed.returncode}")
RuntimeError: reconstruction validation failed: upright_humanoid_height_not_largest_dimension
2026-07-11 19:50:58,377 ERROR meshmend_backend {"event": "task_failed", "task_id": "d8b176703055400394542d9a3e5ec697", "error": "reconstruction validation failed: upright_humanoid_height_not_largest_dimension", "traceback": "Traceback (most recent call last):\n  File \"D:\\MeshMend\\src\\meshmend_ai\\3dsculpter\\model_service\\main.py\", line 587, in _run_task\n    raise RuntimeError(worker_error or f\"model command exited {completed.returncode}\")\nRuntimeError: reconstruction validation failed: upright_humanoid_height_not_largest_dimension\n"}
2026-07-11 20:15:32,757 INFO meshmend_backend {"event": "task_started", "task_id": "e748f3b60f0944d8bfd9436b8204fa3a", "workflow": "text_to_3d", "prompt_preview": "a dragon\n\nCreate a production/studio-quality 32mm resin-printable tabletop miniature. This must be final sculpt geometry, not a primitive blockout: crisp facial"}
2026-07-11 20:31:04,922 ERROR meshmend_backend task_failed_before_optional_fallback
Traceback (most recent call last):
  File "D:\MeshMend\src\meshmend_ai\3dsculpter\model_service\main.py", line 587, in _run_task
    raise RuntimeError(worker_error or f"model command exited {completed.returncode}")
RuntimeError: Generated STL did not meet store-quality gate: large_smooth_primitive_surfaces_dominate_0.99_max_0.68; studio_quality_score_below_min_0.83_min_0.90; diagnostics={"workflow": "text_to_3d", "faces": 317632, "vertices": 158790, "detail_faces_target": 300000, "extents_mm": [23.5640648011782, 23.5640648011782, 31.999999999999996], "watertight": true, "winding_consistent": true, "components": 2, "boundary_edges": 0, "nonmanifold_edges": 0, "euler_number": -26, "visual_hole_genus": 15, "volume": 1687.66719655549, "area": 2684.7476286386145, "metadata": {"processed": true, "meshmend_image_visual_hole_pitch_mm": 0.24, "meshmend_image_visual_hole_close_iterations": 3, "meshmend_normalized_to_origin": true, "meshmend_aspect_ratio_preserved": true, "meshmend_source_up_axis": "y", "meshmend_hunyuan_text_concept": true, "meshmend_background_slab_removed": true, "meshmend_connected_sheet_removed": true, "units": "mm", "meshmend_scale_mm": 32.0, "meshmend_scale_axis": "z_height", "meshmend_surface_denoised": true, "meshmend_artifact_components_removed": 5, "meshmend_voxel_solidified": true, "meshmend_pre_solidify_boundary_edges": 82, "meshmend_component_bridges_added": 3, "meshmend_image_visual_holes_sealed": true, "meshmend_pre_seal_genus": 21, "meshmend_image_guided_detail": true, "meshmend_image_store_density_restored": true, "meshmend_final_surface_polished": true, "meshmend_added_round_base": true}, "issues": ["large_smooth_primitive_surfaces_dominate_0.99_max_0.68", "studio_quality_score_below_min_0.83_min_0.90", "custom_miniature_detail_pipeline_not_applied", "intricate_detail_pipeline_not_applied", "geometry_upscale_not_applied"]}
2026-07-11 20:31:05,176 ERROR meshmend_backend {"event": "task_failed", "task_id": "e748f3b60f0944d8bfd9436b8204fa3a", "error": "Generated STL did not meet store-quality gate: large_smooth_primitive_surfaces_dominate_0.99_max_0.68; studio_quality_score_below_min_0.83_min_0.90; diagnostics={\"workflow\": \"text_to_3d\", \"faces\": 317632, \"vertices\": 158790, \"detail_faces_target\": 300000, \"extents_mm\": [23.5640648011782, 23.5640648011782, 31.999999999999996], \"watertight\": true, \"winding_consistent\": true, \"components\": 2, \"boundary_edges\": 0, \"nonmanifold_edges\": 0, \"euler_number\": -26, \"visual_hole_genus\": 15, \"volume\": 1687.66719655549, \"area\": 2684.7476286386145, \"metadata\": {\"processed\": true, \"meshmend_image_visual_hole_pitch_mm\": 0.24, \"meshmend_image_visual_hole_close_iterations\": 3, \"meshmend_normalized_to_origin\": true, \"meshmend_aspect_ratio_preserved\": true, \"meshmend_source_up_axis\": \"y\", \"meshmend_hunyuan_text_concept\": true, \"meshmend_background_slab_removed\": true, \"meshmend_connected_sheet_removed\": true, \"units\": \"mm\", \"meshmend_scale_mm\": 32.0, \"meshmend_scale_axis\": \"z_height\", \"meshmend_surface_denoised\": true, \"meshmend_artifact_components_removed\": 5, \"meshmend_voxel_solidified\": true, \"meshmend_pre_solidify_boundary_edges\": 82, \"meshmend_component_bridges_added\": 3, \"meshmend_image_visual_holes_sealed\": true, \"meshmend_pre_seal_genus\": 21, \"meshmend_image_guided_detail\": true, \"meshmend_image_store_density_restored\": true, \"meshmend_final_surface_polished\": true, \"meshmend_added_round_base\": true}, \"issues\": [\"large_smooth_primitive_surfaces_dominate_0.99_max_0.68\", \"studio_quality_score_below_min_0.83_min_0.90\", \"custom_miniature_detail_pipeline_not_applied\", \"intricate_detail_pipeline_not_applied\", \"geometry_upscale_not_applied\"]}", "traceback": "Traceback (most recent call last):\n  File \"D:\\MeshMend\\src\\meshmend_ai\\3dsculpter\\model_service\\main.py\", line 587, in _run_task\n    raise RuntimeError(worker_error or f\"model command exited {completed.returncode}\")\nRuntimeError: Generated STL did not meet store-quality gate: large_smooth_primitive_surfaces_dominate_0.99_max_0.68; studio_quality_score_below_min_0.83_min_0.90; diagnostics={\"workflow\": \"text_to_3d\", \"faces\": 317632, \"vertices\": 158790, \"detail_faces_target\": 300000, \"extents_mm\": [23.5640648011782, 23.5640648011782, 31.999999999999996], \"watertight\": true, \"winding_consistent\": true, \"components\": 2, \"boundary_edges\": 0, \"nonmanifold_edges\": 0, \"euler_number\": -26, \"visual_hole_genus\": 15, \"volume\": 1687.66719655549, \"area\": 2684.7476286386145, \"metadata\": {\"processed\": true, \"meshmend_image_visual_hole_pitch_mm\": 0.24, \"meshmend_image_visual_hole_close_iterations\": 3, \"meshmend_normalized_to_origin\": true, \"meshmend_aspect_ratio_preserved\": true, \"meshmend_source_up_axis\": \"y\", \"meshmend_hunyuan_text_concept\": true, \"meshmend_background_slab_removed\": true, \"meshmend_connected_sheet_removed\": true, \"units\": \"mm\", \"meshmend_scale_mm\": 32.0, \"meshmend_scale_axis\": \"z_height\", \"meshmend_surface_denoised\": true, \"meshmend_artifact_components_removed\": 5, \"meshmend_voxel_solidified\": true, \"meshmend_pre_solidify_boundary_edges\": 82, \"meshmend_component_bridges_added\": 3, \"meshmend_image_visual_holes_sealed\": true, \"meshmend_pre_seal_genus\": 21, \"meshmend_image_guided_detail\": true, \"meshmend_image_store_density_restored\": true, \"meshmend_final_surface_polished\": true, \"meshmend_added_round_base\": true}, \"issues\": [\"large_smooth_primitive_surfaces_dominate_0.99_max_0.68\", \"studio_quality_score_below_min_0.83_min_0.90\", \"custom_miniature_detail_pipeline_not_applied\", \"intricate_detail_pipeline_not_applied\", \"geometry_upscale_not_applied\"]}\n"}
2026-07-11 23:44:40,639 INFO meshmend_backend {"event": "task_started", "task_id": "ae88ab4bb2df41d6b54a44ca56242c2d", "workflow": "text_to_3d", "prompt_preview": "a dragon\n\nCreate a production/studio-quality 32mm resin-printable tabletop miniature. This must be final sculpt geometry, not a primitive blockout: crisp facial"}
2026-07-12 00:00:33,602 ERROR meshmend_backend task_failed_before_optional_fallback
Traceback (most recent call last):
  File "D:\MeshMend\src\meshmend_ai\3dsculpter\model_service\main.py", line 593, in _run_task
    raise RuntimeError(
    ...<3 lines>...
    )
RuntimeError: Studio-quality request completed without certification. The mesh was not released because strict studio requests must return studio_quality_certified=true or mesh_info.production_ready=true. Certification summary: {"provider": "free_local_hunyuan3d", "studio_quality_certified": false, "store_quality_certified": false, "mesh_info_production_ready": false, "mesh_info_store_quality_certified": false, "quality_report_production_ready": false, "quality_gate_issues": ["large_smooth_primitive_surfaces_dominate_0.98_max_0.68", "studio_quality_score_below_min_0.83_min_0.90", "custom_miniature_detail_pipeline_not_applied", "intricate_detail_pipeline_not_applied", "geometry_upscale_not_applied"], "studio_quality_note": "Export completed, but strict store/studio-quality gates did not certify this mesh."}
2026-07-12 00:00:33,874 ERROR meshmend_backend {"event": "task_failed", "task_id": "ae88ab4bb2df41d6b54a44ca56242c2d", "error": "Studio-quality request completed without certification. The mesh was not released because strict studio requests must return studio_quality_certified=true or mesh_info.production_ready=true. Certification summary: {\"provider\": \"free_local_hunyuan3d\", \"studio_quality_certified\": false, \"store_quality_certified\": false, \"mesh_info_production_ready\": false, \"mesh_info_store_quality_certified\": false, \"quality_report_production_ready\": false, \"quality_gate_issues\": [\"large_smooth_primitive_surfaces_dominate_0.98_max_0.68\", \"studio_quality_score_below_min_0.83_min_0.90\", \"custom_miniature_detail_pipeline_not_applied\", \"intricate_detail_pipeline_not_applied\", \"geometry_upscale_not_applied\"], \"studio_quality_note\": \"Export completed, but strict store/studio-quality gates did not certify this mesh.\"}", "traceback": "Traceback (most recent call last):\n  File \"D:\\MeshMend\\src\\meshmend_ai\\3dsculpter\\model_service\\main.py\", line 593, in _run_task\n    raise RuntimeError(\n    ...<3 lines>...\n    )\nRuntimeError: Studio-quality request completed without certification. The mesh was not released because strict studio requests must return studio_quality_certified=true or mesh_info.production_ready=true. Certification summary: {\"provider\": \"free_local_hunyuan3d\", \"studio_quality_certified\": false, \"store_quality_certified\": false, \"mesh_info_production_ready\": false, \"mesh_info_store_quality_certified\": false, \"quality_report_production_ready\": false, \"quality_gate_issues\": [\"large_smooth_primitive_surfaces_dominate_0.98_max_0.68\", \"studio_quality_score_below_min_0.83_min_0.90\", \"custom_miniature_detail_pipeline_not_applied\", \"intricate_detail_pipeline_not_applied\", \"geometry_upscale_not_applied\"], \"studio_quality_note\": \"Export completed, but strict store/studio-quality gates did not certify this mesh.\"}\n"}
2026-07-12 00:01:52,509 INFO meshmend_backend {"event": "task_started", "task_id": "7224975613564173b7dea17dbd5f793f", "workflow": "text_to_3d", "prompt_preview": "a dragon\n\nCreate a production/studio-quality 32mm resin-printable tabletop miniature. This must be final sculpt geometry, not a primitive blockout: crisp facial"}
